timeStamp,elapsed,label,responseCode,responseMessage,threadName,dataType,success,failureMessage,bytes,grpThreads,allThreads,URL,Filename,Latency,Hostname
12/05/2017 14:54,530,62 /escm/login/auth,200,OK,Thread Group 1-1,text,true,,5226,1,1,http://10.10.3.16:8080/escm/login/auth,,528,EASDB01
12/05/2017 14:54,10,67 /escm/css/jquery.alerts.css,200,OK,Thread Group 1-1,text,true,,1235,1,1,http://10.10.3.16:8080/escm/css/jquery.alerts.css,,10,EASDB01
12/05/2017 14:54,13,63 /escm/css/theme/jquery-ui-1.8.17.custom.css,200,OK,Thread Group 1-1,text,true,,6664,1,1,http://10.10.3.16:8080/escm/css/theme/jquery-ui-1.8.17.custom.css,,12,EASDB01
12/05/2017 14:54,4,68 /escmnull/css/merchant.css,404,Not Found,Thread Group 1-1,,false,,109,1,1,http://10.10.3.16:8080/escmnull/css/merchant.css,,4,EASDB01
12/05/2017 14:54,14,72 /escm/js/validator.js,200,OK,Thread Group 1-1,text,true,,5286,1,1,http://10.10.3.16:8080/escm/js/validator.js,,11,EASDB01
12/05/2017 14:54,10,71 /escm/js/jquery.alerts.js,200,OK,Thread Group 1-1,text,true,,2581,1,1,http://10.10.3.16:8080/escm/js/jquery.alerts.js,,8,EASDB01
12/05/2017 14:54,63,70 /escm/js/jquery-ui-1.8.17.custom.min.js,200,OK,Thread Group 1-1,text,true,,53407,1,1,http://10.10.3.16:8080/escm/js/jquery-ui-1.8.17.custom.min.js,,27,EASDB01
12/05/2017 14:54,9,73 /escm/js/jquery.bpopup.min.js,200,OK,Thread Group 1-1,text,true,,2280,1,1,http://10.10.3.16:8080/escm/js/jquery.bpopup.min.js,,8,EASDB01
12/05/2017 14:54,10,66 /escm/css/jquery.ui.timepicker.css,200,OK,Thread Group 1-1,text,true,,2086,1,1,http://10.10.3.16:8080/escm/css/jquery.ui.timepicker.css,,10,EASDB01
12/05/2017 14:54,73,69 /escm/js/jquery-1.5.2.min.js,200,OK,Thread Group 1-1,text,true,,65186,1,1,http://10.10.3.16:8080/escm/js/jquery-1.5.2.min.js,,28,EASDB01
12/05/2017 14:54,62,62 /escm/login/auth,200,OK,Thread Group 1-2,text,true,,5226,2,2,http://10.10.3.16:8080/escm/login/auth,,60,EASDB01
12/05/2017 14:54,77,64 /escm/css/merchant.css,200,OK,Thread Group 1-1,text,true,,64167,2,2,http://10.10.3.16:8080/escm/css/merchant.css,,31,EASDB01
12/05/2017 14:54,7,67 /escm/css/jquery.alerts.css,200,OK,Thread Group 1-2,text,true,,1235,2,2,http://10.10.3.16:8080/escm/css/jquery.alerts.css,,7,EASDB01
12/05/2017 14:54,9,65 /escm/css/logintypedialog.css,200,OK,Thread Group 1-1,text,true,,1287,2,2,http://10.10.3.16:8080/escm/css/logintypedialog.css,,8,EASDB01
12/05/2017 14:54,11,63 /escm/css/theme/jquery-ui-1.8.17.custom.css,200,OK,Thread Group 1-2,text,true,,6664,2,2,http://10.10.3.16:8080/escm/css/theme/jquery-ui-1.8.17.custom.css,,9,EASDB01
12/05/2017 14:54,11,74 /escm/css/fonts/Roboto-Light.woff,200,OK,Thread Group 1-1,text,true,,73848,2,2,http://10.10.3.16:8080/escm/css/fonts/Roboto-Light.woff,,11,EASDB01
12/05/2017 14:54,7,68 /escmnull/css/merchant.css,404,Not Found,Thread Group 1-2,,false,,109,2,2,http://10.10.3.16:8080/escmnull/css/merchant.css,,7,EASDB01
12/05/2017 14:54,8,75 /escm/css/fonts/Roboto-Bold.woff,200,OK,Thread Group 1-1,text,true,,71736,2,2,http://10.10.3.16:8080/escm/css/fonts/Roboto-Bold.woff,,7,EASDB01
12/05/2017 14:54,10,72 /escm/js/validator.js,200,OK,Thread Group 1-2,text,true,,5286,2,2,http://10.10.3.16:8080/escm/js/validator.js,,9,EASDB01
12/05/2017 14:54,10,76 /escm/css/fonts/Roboto-Regular.ttf,200,OK,Thread Group 1-1,text,true,,145593,2,2,http://10.10.3.16:8080/escm/css/fonts/Roboto-Regular.ttf,,9,EASDB01
12/05/2017 14:54,851,Login Page Request,,"Number of samples in transaction : 15, number of failing samples : 1",Thread Group 1-1,,false,,500691,2,2,null,,712,EASDB01
12/05/2017 14:54,44,71 /escm/js/jquery.alerts.js,200,OK,Thread Group 1-2,text,true,,2581,2,2,http://10.10.3.16:8080/escm/js/jquery.alerts.js,,27,EASDB01
12/05/2017 14:54,50,70 /escm/js/jquery-ui-1.8.17.custom.min.js,200,OK,Thread Group 1-2,text,true,,53407,2,2,http://10.10.3.16:8080/escm/js/jquery-ui-1.8.17.custom.min.js,,23,EASDB01
12/05/2017 14:54,8,73 /escm/js/jquery.bpopup.min.js,200,OK,Thread Group 1-2,text,true,,2280,2,2,http://10.10.3.16:8080/escm/js/jquery.bpopup.min.js,,7,EASDB01
12/05/2017 14:54,6,66 /escm/css/jquery.ui.timepicker.css,200,OK,Thread Group 1-2,text,true,,2086,2,2,http://10.10.3.16:8080/escm/css/jquery.ui.timepicker.css,,6,EASDB01
12/05/2017 14:54,69,69 /escm/js/jquery-1.5.2.min.js,200,OK,Thread Group 1-2,text,true,,65186,2,2,http://10.10.3.16:8080/escm/js/jquery-1.5.2.min.js,,26,EASDB01
12/05/2017 14:54,72,64 /escm/css/merchant.css,200,OK,Thread Group 1-2,text,true,,64167,2,2,http://10.10.3.16:8080/escm/css/merchant.css,,30,EASDB01
12/05/2017 14:54,7,65 /escm/css/logintypedialog.css,200,OK,Thread Group 1-2,text,true,,1287,2,2,http://10.10.3.16:8080/escm/css/logintypedialog.css,,7,EASDB01
12/05/2017 14:54,7,74 /escm/css/fonts/Roboto-Light.woff,200,OK,Thread Group 1-2,text,true,,73848,2,2,http://10.10.3.16:8080/escm/css/fonts/Roboto-Light.woff,,6,EASDB01
12/05/2017 14:54,7,75 /escm/css/fonts/Roboto-Bold.woff,200,OK,Thread Group 1-2,text,true,,71736,2,2,http://10.10.3.16:8080/escm/css/fonts/Roboto-Bold.woff,,6,EASDB01
12/05/2017 14:54,7,76 /escm/css/fonts/Roboto-Regular.ttf,200,OK,Thread Group 1-2,text,true,,145593,2,2,http://10.10.3.16:8080/escm/css/fonts/Roboto-Regular.ttf,,6,EASDB01
12/05/2017 14:54,374,Login Page Request,,"Number of samples in transaction : 15, number of failing samples : 1",Thread Group 1-2,,false,,500691,2,2,null,,236,EASDB01
12/05/2017 14:54,59,62 /escm/login/auth,200,OK,Thread Group 1-3,text,true,,5226,3,3,http://10.10.3.16:8080/escm/login/auth,,57,EASDB01
12/05/2017 14:54,10,67 /escm/css/jquery.alerts.css,200,OK,Thread Group 1-3,text,true,,1235,3,3,http://10.10.3.16:8080/escm/css/jquery.alerts.css,,10,EASDB01
12/05/2017 14:54,11,63 /escm/css/theme/jquery-ui-1.8.17.custom.css,200,OK,Thread Group 1-3,text,true,,6664,3,3,http://10.10.3.16:8080/escm/css/theme/jquery-ui-1.8.17.custom.css,,9,EASDB01
12/05/2017 14:54,3,68 /escmnull/css/merchant.css,404,Not Found,Thread Group 1-3,,false,,109,3,3,http://10.10.3.16:8080/escmnull/css/merchant.css,,3,EASDB01
12/05/2017 14:54,9,72 /escm/js/validator.js,200,OK,Thread Group 1-3,text,true,,5286,3,3,http://10.10.3.16:8080/escm/js/validator.js,,8,EASDB01
12/05/2017 14:54,9,71 /escm/js/jquery.alerts.js,200,OK,Thread Group 1-3,text,true,,2581,3,3,http://10.10.3.16:8080/escm/js/jquery.alerts.js,,8,EASDB01
12/05/2017 14:54,55,70 /escm/js/jquery-ui-1.8.17.custom.min.js,200,OK,Thread Group 1-3,text,true,,53407,3,3,http://10.10.3.16:8080/escm/js/jquery-ui-1.8.17.custom.min.js,,25,EASDB01
12/05/2017 14:54,7,73 /escm/js/jquery.bpopup.min.js,200,OK,Thread Group 1-3,text,true,,2280,3,3,http://10.10.3.16:8080/escm/js/jquery.bpopup.min.js,,6,EASDB01
12/05/2017 14:54,7,66 /escm/css/jquery.ui.timepicker.css,200,OK,Thread Group 1-3,text,true,,2086,3,3,http://10.10.3.16:8080/escm/css/jquery.ui.timepicker.css,,7,EASDB01
12/05/2017 14:54,80,69 /escm/js/jquery-1.5.2.min.js,200,OK,Thread Group 1-3,text,true,,65186,3,3,http://10.10.3.16:8080/escm/js/jquery-1.5.2.min.js,,30,EASDB01
12/05/2017 14:54,64,64 /escm/css/merchant.css,200,OK,Thread Group 1-3,text,true,,64167,3,3,http://10.10.3.16:8080/escm/css/merchant.css,,28,EASDB01
12/05/2017 14:54,8,65 /escm/css/logintypedialog.css,200,OK,Thread Group 1-3,text,true,,1287,3,3,http://10.10.3.16:8080/escm/css/logintypedialog.css,,8,EASDB01
12/05/2017 14:54,7,74 /escm/css/fonts/Roboto-Light.woff,200,OK,Thread Group 1-3,text,true,,73848,3,3,http://10.10.3.16:8080/escm/css/fonts/Roboto-Light.woff,,6,EASDB01
12/05/2017 14:54,7,75 /escm/css/fonts/Roboto-Bold.woff,200,OK,Thread Group 1-3,text,true,,71736,3,3,http://10.10.3.16:8080/escm/css/fonts/Roboto-Bold.woff,,6,EASDB01
12/05/2017 14:54,8,76 /escm/css/fonts/Roboto-Regular.ttf,200,OK,Thread Group 1-3,text,true,,145593,3,3,http://10.10.3.16:8080/escm/css/fonts/Roboto-Regular.ttf,,7,EASDB01
12/05/2017 14:54,344,Login Page Request,,"Number of samples in transaction : 15, number of failing samples : 1",Thread Group 1-3,,false,,500691,3,3,null,,218,EASDB01
12/05/2017 14:54,1401,5 /escm/login/doAuth?id=loginform,200,OK,Thread Group 1-1,text,true,,10027,3,3,http://10.10.3.16:8080/escm/dashboard/myAccountInfo,,508,EASDB01
12/05/2017 14:54,16,10 /escm/css/modern_ui/usageGraph/examples.css,200,OK,Thread Group 1-1,text,true,,1596,3,3,http://10.10.3.16:8080/escm/css/modern_ui/usageGraph/examples.css,,15,EASDB01
12/05/2017 14:54,11,11 /escm/css/modern_ui/usageGraph/jquery.jqplot.css,200,OK,Thread Group 1-1,text,true,,1865,3,3,http://10.10.3.16:8080/escm/css/modern_ui/usageGraph/jquery.jqplot.css,,10,EASDB01
12/05/2017 14:54,9,14 /escm/css/modern_ui/jquery.multiselect.css,200,OK,Thread Group 1-1,text,true,,2234,3,3,http://10.10.3.16:8080/escm/css/modern_ui/jquery.multiselect.css,,9,EASDB01
12/05/2017 14:54,15,15 /escm/js/jquery.qtip-1.0.0-rc3.min.js,200,OK,Thread Group 1-1,text,true,,10015,3,3,http://10.10.3.16:8080/escm/js/jquery.qtip-1.0.0-rc3.min.js,,12,EASDB01
12/05/2017 14:54,11,23 /escm/js/jquery-validate/jquery.metadata.js,200,OK,Thread Group 1-1,text,true,,1938,3,3,http://10.10.3.16:8080/escm/js/jquery-validate/jquery.metadata.js,,10,EASDB01
12/05/2017 14:54,1190,5 /escm/login/doAuth?id=loginform,200,OK,Thread Group 1-2,text,true,,10023,3,3,http://10.10.3.16:8080/escm/dashboard/myAccountInfo,,384,EASDB01
12/05/2017 14:54,9,9 /escm/css/modern_ui/usageGraph/jquery.jqplot.min.css,200,OK,Thread Group 1-1,text,true,,1323,3,3,http://10.10.3.16:8080/escm/css/modern_ui/usageGraph/jquery.jqplot.min.css,,8,EASDB01
12/05/2017 14:54,8,10 /escm/css/modern_ui/usageGraph/examples.css,200,OK,Thread Group 1-2,text,true,,1596,3,3,http://10.10.3.16:8080/escm/css/modern_ui/usageGraph/examples.css,,7,EASDB01
12/05/2017 14:54,10,22 /escm/js/slideBlock.js,200,OK,Thread Group 1-1,text,true,,1162,3,3,http://10.10.3.16:8080/escm/js/slideBlock.js,,8,EASDB01
12/05/2017 14:54,9,11 /escm/css/modern_ui/usageGraph/jquery.jqplot.css,200,OK,Thread Group 1-2,text,true,,1865,3,3,http://10.10.3.16:8080/escm/css/modern_ui/usageGraph/jquery.jqplot.css,,8,EASDB01
12/05/2017 14:54,7,14 /escm/css/modern_ui/jquery.multiselect.css,200,OK,Thread Group 1-2,text,true,,2234,3,3,http://10.10.3.16:8080/escm/css/modern_ui/jquery.multiselect.css,,7,EASDB01
12/05/2017 14:54,26,21 /escm/js/clearinput.js,200,OK,Thread Group 1-1,text,true,,1200,3,3,http://10.10.3.16:8080/escm/js/clearinput.js,,21,EASDB01
12/05/2017 14:54,13,15 /escm/js/jquery.qtip-1.0.0-rc3.min.js,200,OK,Thread Group 1-2,text,true,,10015,3,3,http://10.10.3.16:8080/escm/js/jquery.qtip-1.0.0-rc3.min.js,,10,EASDB01
12/05/2017 14:54,7,13 /escm/css/tablesorter.css,200,OK,Thread Group 1-1,text,true,,2313,3,3,http://10.10.3.16:8080/escm/css/tablesorter.css,,7,EASDB01
12/05/2017 14:54,7,23 /escm/js/jquery-validate/jquery.metadata.js,200,OK,Thread Group 1-2,text,true,,1938,3,3,http://10.10.3.16:8080/escm/js/jquery-validate/jquery.metadata.js,,6,EASDB01
12/05/2017 14:54,7,24 /escm/js/datatable.js,200,OK,Thread Group 1-1,text,true,,1607,3,3,http://10.10.3.16:8080/escm/js/datatable.js,,7,EASDB01
12/05/2017 14:54,6,9 /escm/css/modern_ui/usageGraph/jquery.jqplot.min.css,200,OK,Thread Group 1-2,text,true,,1323,3,3,http://10.10.3.16:8080/escm/css/modern_ui/usageGraph/jquery.jqplot.min.css,,6,EASDB01
12/05/2017 14:54,7,38 /escm/js/jquery.leanModal.min.js,200,OK,Thread Group 1-1,text,true,,1343,3,3,http://10.10.3.16:8080/escm/js/jquery.leanModal.min.js,,7,EASDB01
12/05/2017 14:54,8,22 /escm/js/slideBlock.js,200,OK,Thread Group 1-2,text,true,,1162,3,3,http://10.10.3.16:8080/escm/js/slideBlock.js,,7,EASDB01
12/05/2017 14:54,10,40 /escm/js/escm_alert.js,200,OK,Thread Group 1-1,text,true,,2139,3,3,http://10.10.3.16:8080/escm/js/escm_alert.js,,8,EASDB01
12/05/2017 14:54,7,21 /escm/js/clearinput.js,200,OK,Thread Group 1-2,text,true,,1200,3,3,http://10.10.3.16:8080/escm/js/clearinput.js,,6,EASDB01
12/05/2017 14:54,7,25 /escm/js/jquery.ba-dotimeout.min.js,200,OK,Thread Group 1-1,text,true,,1383,3,3,http://10.10.3.16:8080/escm/js/jquery.ba-dotimeout.min.js,,7,EASDB01
12/05/2017 14:54,7,13 /escm/css/tablesorter.css,200,OK,Thread Group 1-2,text,true,,2313,3,3,http://10.10.3.16:8080/escm/css/tablesorter.css,,7,EASDB01
12/05/2017 14:54,6,24 /escm/js/datatable.js,200,OK,Thread Group 1-2,text,true,,1607,3,3,http://10.10.3.16:8080/escm/js/datatable.js,,6,EASDB01
12/05/2017 14:54,11,18 /escm/js/main.js,200,OK,Thread Group 1-1,text,true,,2967,3,3,http://10.10.3.16:8080/escm/js/main.js,,9,EASDB01
12/05/2017 14:54,6,38 /escm/js/jquery.leanModal.min.js,200,OK,Thread Group 1-2,text,true,,1343,3,3,http://10.10.3.16:8080/escm/js/jquery.leanModal.min.js,,6,EASDB01
12/05/2017 14:54,10,19 /escm/js/jquery-validate/additional-methods.min.js,200,OK,Thread Group 1-1,text,true,,2753,3,3,http://10.10.3.16:8080/escm/js/jquery-validate/additional-methods.min.js,,8,EASDB01
12/05/2017 14:54,7,40 /escm/js/escm_alert.js,200,OK,Thread Group 1-2,text,true,,2139,3,3,http://10.10.3.16:8080/escm/js/escm_alert.js,,6,EASDB01
12/05/2017 14:54,8,46 /escm/js/payment/jquery.tzCheckbox.js,200,OK,Thread Group 1-1,text,true,,1635,3,3,http://10.10.3.16:8080/escm/js/payment/jquery.tzCheckbox.js,,7,EASDB01
12/05/2017 14:54,6,25 /escm/js/jquery.ba-dotimeout.min.js,200,OK,Thread Group 1-2,text,true,,1383,3,3,http://10.10.3.16:8080/escm/js/jquery.ba-dotimeout.min.js,,5,EASDB01
12/05/2017 14:54,8,12 /escm/css/payment/jquery.tzCheckbox.css,200,OK,Thread Group 1-1,text,true,,1130,3,3,http://10.10.3.16:8080/escm/css/payment/jquery.tzCheckbox.css,,8,EASDB01
12/05/2017 14:54,8,18 /escm/js/main.js,200,OK,Thread Group 1-2,text,true,,2967,3,3,http://10.10.3.16:8080/escm/js/main.js,,6,EASDB01
12/05/2017 14:54,9,19 /escm/js/jquery-validate/additional-methods.min.js,200,OK,Thread Group 1-2,text,true,,2753,3,3,http://10.10.3.16:8080/escm/js/jquery-validate/additional-methods.min.js,,8,EASDB01
12/05/2017 14:54,13,31 /escm/js/usageGraphJS/jqplot.canvasTextRenderer.min.js,200,OK,Thread Group 1-1,text,true,,4130,3,3,http://10.10.3.16:8080/escm/js/usageGraphJS/jqplot.canvasTextRenderer.min.js,,11,EASDB01
12/05/2017 14:54,6,46 /escm/js/payment/jquery.tzCheckbox.js,200,OK,Thread Group 1-2,text,true,,1635,3,3,http://10.10.3.16:8080/escm/js/payment/jquery.tzCheckbox.js,,6,EASDB01
12/05/2017 14:54,7,12 /escm/css/payment/jquery.tzCheckbox.css,200,OK,Thread Group 1-2,text,true,,1130,3,3,http://10.10.3.16:8080/escm/css/payment/jquery.tzCheckbox.css,,7,EASDB01
12/05/2017 14:54,20,41 /escm/js/jquery.flexslider.js,200,OK,Thread Group 1-1,text,true,,12247,3,3,http://10.10.3.16:8080/escm/js/jquery.flexslider.js,,16,EASDB01
12/05/2017 14:54,10,31 /escm/js/usageGraphJS/jqplot.canvasTextRenderer.min.js,200,OK,Thread Group 1-2,text,true,,4130,3,3,http://10.10.3.16:8080/escm/js/usageGraphJS/jqplot.canvasTextRenderer.min.js,,8,EASDB01
12/05/2017 14:54,10,33 /escm/js/usageGraphJS/excanvas.min.js,200,OK,Thread Group 1-1,text,true,,8168,3,3,http://10.10.3.16:8080/escm/js/usageGraphJS/excanvas.min.js,,9,EASDB01
12/05/2017 14:54,9,42 /escm/js/usageGraphJS/jqplot.pointLabels.min.js,200,OK,Thread Group 1-1,text,true,,1988,3,3,http://10.10.3.16:8080/escm/js/usageGraphJS/jqplot.pointLabels.min.js,,8,EASDB01
12/05/2017 14:54,18,41 /escm/js/jquery.flexslider.js,200,OK,Thread Group 1-2,text,true,,12247,3,3,http://10.10.3.16:8080/escm/js/jquery.flexslider.js,,13,EASDB01
12/05/2017 14:54,11,37 /escm/js/jquery.slimscroll.min.js,200,OK,Thread Group 1-1,text,true,,2145,3,3,http://10.10.3.16:8080/escm/js/jquery.slimscroll.min.js,,9,EASDB01
12/05/2017 14:54,12,33 /escm/js/usageGraphJS/excanvas.min.js,200,OK,Thread Group 1-2,text,true,,8168,3,3,http://10.10.3.16:8080/escm/js/usageGraphJS/excanvas.min.js,,9,EASDB01
12/05/2017 14:54,8,30 /escm/js/usageGraphJS/jqplot.canvasAxisLabelRenderer.min.js,200,OK,Thread Group 1-1,text,true,,1301,3,3,http://10.10.3.16:8080/escm/js/usageGraphJS/jqplot.canvasAxisLabelRenderer.min.js,,7,EASDB01
12/05/2017 14:54,7,42 /escm/js/usageGraphJS/jqplot.pointLabels.min.js,200,OK,Thread Group 1-2,text,true,,1988,3,3,http://10.10.3.16:8080/escm/js/usageGraphJS/jqplot.pointLabels.min.js,,6,EASDB01
12/05/2017 14:54,8,34 /escm/js/placeholders.min.js,200,OK,Thread Group 1-1,text,true,,1967,3,3,http://10.10.3.16:8080/escm/js/placeholders.min.js,,8,EASDB01
12/05/2017 14:54,8,37 /escm/js/jquery.slimscroll.min.js,200,OK,Thread Group 1-2,text,true,,2145,3,3,http://10.10.3.16:8080/escm/js/jquery.slimscroll.min.js,,7,EASDB01
12/05/2017 14:54,6,30 /escm/js/usageGraphJS/jqplot.canvasAxisLabelRenderer.min.js,200,OK,Thread Group 1-2,text,true,,1301,3,3,http://10.10.3.16:8080/escm/js/usageGraphJS/jqplot.canvasAxisLabelRenderer.min.js,,6,EASDB01
12/05/2017 14:54,9,26 /escm/js/usageGraphJS/jqplot.canvasAxisTickRenderer.min.js,200,OK,Thread Group 1-1,text,true,,1465,3,3,http://10.10.3.16:8080/escm/js/usageGraphJS/jqplot.canvasAxisTickRenderer.min.js,,8,EASDB01
12/05/2017 14:54,10,34 /escm/js/placeholders.min.js,200,OK,Thread Group 1-2,text,true,,1967,3,3,http://10.10.3.16:8080/escm/js/placeholders.min.js,,6,EASDB01
12/05/2017 14:54,13,47 /escm/js/panels.js,200,OK,Thread Group 1-1,text,true,,2221,3,3,http://10.10.3.16:8080/escm/js/panels.js,,12,EASDB01
12/05/2017 14:54,8,26 /escm/js/usageGraphJS/jqplot.canvasAxisTickRenderer.min.js,200,OK,Thread Group 1-2,text,true,,1465,3,3,http://10.10.3.16:8080/escm/js/usageGraphJS/jqplot.canvasAxisTickRenderer.min.js,,6,EASDB01
12/05/2017 14:54,9,35 /escm/js/jquery.elastic.source.js,200,OK,Thread Group 1-1,text,true,,2329,3,3,http://10.10.3.16:8080/escm/js/jquery.elastic.source.js,,8,EASDB01
12/05/2017 14:54,14,47 /escm/js/panels.js,200,OK,Thread Group 1-2,text,true,,2221,3,3,http://10.10.3.16:8080/escm/js/panels.js,,7,EASDB01
12/05/2017 14:54,8,44 /escm/js/jquery.scrollToTop.min.js,200,OK,Thread Group 1-1,text,true,,774,3,3,http://10.10.3.16:8080/escm/js/jquery.scrollToTop.min.js,,8,EASDB01
12/05/2017 14:54,7,35 /escm/js/jquery.elastic.source.js,200,OK,Thread Group 1-2,text,true,,2329,3,3,http://10.10.3.16:8080/escm/js/jquery.elastic.source.js,,6,EASDB01
12/05/2017 14:54,8,44 /escm/js/jquery.scrollToTop.min.js,200,OK,Thread Group 1-2,text,true,,774,3,3,http://10.10.3.16:8080/escm/js/jquery.scrollToTop.min.js,,8,EASDB01
12/05/2017 14:54,16,17 /escm/js/jquery.tablesorter.js,200,OK,Thread Group 1-1,text,true,,8739,3,3,http://10.10.3.16:8080/escm/js/jquery.tablesorter.js,,11,EASDB01
12/05/2017 14:54,8,27 /escm/js/usageGraphJS/jqplot.enhancedLegendRenderer.min.js,200,OK,Thread Group 1-1,text,true,,2017,3,3,http://10.10.3.16:8080/escm/js/usageGraphJS/jqplot.enhancedLegendRenderer.min.js,,7,EASDB01
12/05/2017 14:54,16,17 /escm/js/jquery.tablesorter.js,200,OK,Thread Group 1-2,text,true,,8739,3,3,http://10.10.3.16:8080/escm/js/jquery.tablesorter.js,,11,EASDB01
12/05/2017 14:54,11,20 /escm/js/jquery-validate/jquery.validate.min.js,200,OK,Thread Group 1-1,text,true,,6824,3,3,http://10.10.3.16:8080/escm/js/jquery-validate/jquery.validate.min.js,,9,EASDB01
12/05/2017 14:54,6,27 /escm/js/usageGraphJS/jqplot.enhancedLegendRenderer.min.js,200,OK,Thread Group 1-2,text,true,,2017,3,3,http://10.10.3.16:8080/escm/js/usageGraphJS/jqplot.enhancedLegendRenderer.min.js,,5,EASDB01
12/05/2017 14:54,10,20 /escm/js/jquery-validate/jquery.validate.min.js,200,OK,Thread Group 1-2,text,true,,6824,3,3,http://10.10.3.16:8080/escm/js/jquery-validate/jquery.validate.min.js,,7,EASDB01
12/05/2017 14:54,47,32 /escm/js/usageGraphJS/jquery.jqplot.min.js,200,OK,Thread Group 1-1,text,true,,43049,3,3,http://10.10.3.16:8080/escm/js/usageGraphJS/jquery.jqplot.min.js,,25,EASDB01
12/05/2017 14:54,49,32 /escm/js/usageGraphJS/jquery.jqplot.min.js,200,OK,Thread Group 1-2,text,true,,43049,3,3,http://10.10.3.16:8080/escm/js/usageGraphJS/jquery.jqplot.min.js,,25,EASDB01
12/05/2017 14:54,23,39 /escm/js/jquery.ui.timepicker.js,200,OK,Thread Group 1-1,text,true,,14262,3,3,http://10.10.3.16:8080/escm/js/jquery.ui.timepicker.js,,17,EASDB01
12/05/2017 14:54,10,16 /escm/js/jquery.blockUI.js,200,OK,Thread Group 1-1,text,true,,6159,3,3,http://10.10.3.16:8080/escm/js/jquery.blockUI.js,,9,EASDB01
12/05/2017 14:54,20,39 /escm/js/jquery.ui.timepicker.js,200,OK,Thread Group 1-2,text,true,,14262,3,3,http://10.10.3.16:8080/escm/js/jquery.ui.timepicker.js,,15,EASDB01
12/05/2017 14:54,8,28 /escm/js/usageGraphJS/jqplot.highlighter.min.js,200,OK,Thread Group 1-1,text,true,,2518,3,3,http://10.10.3.16:8080/escm/js/usageGraphJS/jqplot.highlighter.min.js,,7,EASDB01
12/05/2017 14:54,10,16 /escm/js/jquery.blockUI.js,200,OK,Thread Group 1-2,text,true,,6159,3,3,http://10.10.3.16:8080/escm/js/jquery.blockUI.js,,9,EASDB01
12/05/2017 14:54,10,36 /escm/js/MonthPicker.min.js,200,OK,Thread Group 1-1,text,true,,4086,3,3,http://10.10.3.16:8080/escm/js/MonthPicker.min.js,,8,EASDB01
12/05/2017 14:54,8,28 /escm/js/usageGraphJS/jqplot.highlighter.min.js,200,OK,Thread Group 1-2,text,true,,2518,3,3,http://10.10.3.16:8080/escm/js/usageGraphJS/jqplot.highlighter.min.js,,6,EASDB01
12/05/2017 14:54,8,29 /escm/js/usageGraphJS/jqplot.dateAxisRenderer.min.js,200,OK,Thread Group 1-1,text,true,,3191,3,3,http://10.10.3.16:8080/escm/js/usageGraphJS/jqplot.dateAxisRenderer.min.js,,7,EASDB01
12/05/2017 14:54,8,36 /escm/js/MonthPicker.min.js,200,OK,Thread Group 1-2,text,true,,4086,3,3,http://10.10.3.16:8080/escm/js/MonthPicker.min.js,,7,EASDB01
12/05/2017 14:54,9,43 /escm/js/usageGraphJS/jqplot.cursor.min.js,200,OK,Thread Group 1-1,text,true,,5710,3,3,http://10.10.3.16:8080/escm/js/usageGraphJS/jqplot.cursor.min.js,,8,EASDB01
12/05/2017 14:54,7,29 /escm/js/usageGraphJS/jqplot.dateAxisRenderer.min.js,200,OK,Thread Group 1-2,text,true,,3191,3,3,http://10.10.3.16:8080/escm/js/usageGraphJS/jqplot.dateAxisRenderer.min.js,,6,EASDB01
12/05/2017 14:54,8,49 /escm/images/myAccount.png,200,OK,Thread Group 1-1,bin,true,,6797,3,3,http://10.10.3.16:8080/escm/images/myAccount.png,,8,EASDB01
12/05/2017 14:54,9,43 /escm/js/usageGraphJS/jqplot.cursor.min.js,200,OK,Thread Group 1-2,text,true,,5710,3,3,http://10.10.3.16:8080/escm/js/usageGraphJS/jqplot.cursor.min.js,,7,EASDB01
12/05/2017 14:54,7,48 /escm/css/modern_ui/images/myDashboard.png,200,OK,Thread Group 1-1,bin,true,,3239,3,3,http://10.10.3.16:8080/escm/css/modern_ui/images/myDashboard.png,,7,EASDB01
12/05/2017 14:54,5,49 /escm/images/myAccount.png,200,OK,Thread Group 1-2,bin,true,,6797,3,3,http://10.10.3.16:8080/escm/images/myAccount.png,,5,EASDB01
12/05/2017 14:54,6,48 /escm/css/modern_ui/images/myDashboard.png,200,OK,Thread Group 1-2,bin,true,,3239,3,3,http://10.10.3.16:8080/escm/css/modern_ui/images/myDashboard.png,,6,EASDB01
12/05/2017 14:54,87,45 /escm/js/payment/jquery.dataTables.js,200,OK,Thread Group 1-1,text,true,,89133,4,4,http://10.10.3.16:8080/escm/js/payment/jquery.dataTables.js,,27,EASDB01
12/05/2017 14:54,86,45 /escm/js/payment/jquery.dataTables.js,200,OK,Thread Group 1-2,text,true,,89133,4,4,http://10.10.3.16:8080/escm/js/payment/jquery.dataTables.js,,27,EASDB01
12/05/2017 14:54,13,52 /escm/images/ticket/39x39ticket.png,200,OK,Thread Group 1-1,bin,true,,2725,4,4,http://10.10.3.16:8080/escm/images/ticket/39x39ticket.png,,13,EASDB01
12/05/2017 14:54,6,52 /escm/images/ticket/39x39ticket.png,200,OK,Thread Group 1-2,bin,true,,2725,4,4,http://10.10.3.16:8080/escm/images/ticket/39x39ticket.png,,6,EASDB01
12/05/2017 14:54,8,53 /escm/images/settings.png,200,OK,Thread Group 1-1,bin,true,,6116,4,4,http://10.10.3.16:8080/escm/images/settings.png,,8,EASDB01
12/05/2017 14:54,10,53 /escm/images/settings.png,200,OK,Thread Group 1-2,bin,true,,6116,4,4,http://10.10.3.16:8080/escm/images/settings.png,,10,EASDB01
12/05/2017 14:54,7,51 /escm/images/orders.png,200,OK,Thread Group 1-1,bin,true,,2716,4,4,http://10.10.3.16:8080/escm/images/orders.png,,7,EASDB01
12/05/2017 14:54,7,51 /escm/images/orders.png,200,OK,Thread Group 1-2,bin,true,,2716,4,4,http://10.10.3.16:8080/escm/images/orders.png,,7,EASDB01
12/05/2017 14:54,6,50 /escm/css/modern_ui/images/myCatalog.png,200,OK,Thread Group 1-1,bin,true,,3298,4,4,http://10.10.3.16:8080/escm/css/modern_ui/images/myCatalog.png,,6,EASDB01
12/05/2017 14:54,8,50 /escm/css/modern_ui/images/myCatalog.png,200,OK,Thread Group 1-2,bin,true,,3298,4,4,http://10.10.3.16:8080/escm/css/modern_ui/images/myCatalog.png,,8,EASDB01
12/05/2017 14:54,7,55 /escm/css/modern_ui/images/dropDown.png,200,OK,Thread Group 1-1,bin,true,,5895,4,4,http://10.10.3.16:8080/escm/css/modern_ui/images/dropDown.png,,7,EASDB01
12/05/2017 14:54,7,55 /escm/css/modern_ui/images/dropDown.png,200,OK,Thread Group 1-2,bin,true,,5895,4,4,http://10.10.3.16:8080/escm/css/modern_ui/images/dropDown.png,,7,EASDB01
12/05/2017 14:54,7,56 /escm/images/_loading.gif,200,OK,Thread Group 1-1,bin,true,,4474,4,4,http://10.10.3.16:8080/escm/images/_loading.gif,,7,EASDB01
12/05/2017 14:54,109,62 /escm/login/auth,200,OK,Thread Group 1-4,text,true,,5226,4,4,http://10.10.3.16:8080/escm/login/auth,,108,EASDB01
12/05/2017 14:54,7,56 /escm/images/_loading.gif,200,OK,Thread Group 1-2,bin,true,,4474,4,4,http://10.10.3.16:8080/escm/images/_loading.gif,,7,EASDB01
12/05/2017 14:54,7,54 /escm/css/modern_ui/images/CP_login.png,200,OK,Thread Group 1-1,bin,true,,6465,4,4,http://10.10.3.16:8080/escm/css/modern_ui/images/CP_login.png,,7,EASDB01
12/05/2017 14:54,6,67 /escm/css/jquery.alerts.css,200,OK,Thread Group 1-4,text,true,,1235,4,4,http://10.10.3.16:8080/escm/css/jquery.alerts.css,,6,EASDB01
12/05/2017 14:54,7,54 /escm/css/modern_ui/images/CP_login.png,200,OK,Thread Group 1-2,bin,true,,6465,4,4,http://10.10.3.16:8080/escm/css/modern_ui/images/CP_login.png,,7,EASDB01
12/05/2017 14:54,8,57 /escm/images/bubble.png,200,OK,Thread Group 1-1,bin,true,,3819,4,4,http://10.10.3.16:8080/escm/images/bubble.png,,8,EASDB01
12/05/2017 14:54,11,63 /escm/css/theme/jquery-ui-1.8.17.custom.css,200,OK,Thread Group 1-4,text,true,,6664,4,4,http://10.10.3.16:8080/escm/css/theme/jquery-ui-1.8.17.custom.css,,8,EASDB01
12/05/2017 14:54,9,57 /escm/images/bubble.png,200,OK,Thread Group 1-2,bin,true,,3819,4,4,http://10.10.3.16:8080/escm/images/bubble.png,,9,EASDB01
12/05/2017 14:54,3,68 /escmnull/css/merchant.css,404,Not Found,Thread Group 1-4,,false,,109,4,4,http://10.10.3.16:8080/escmnull/css/merchant.css,,3,EASDB01
12/05/2017 14:54,8,58 /escm/css/theme/images/ui-icons_ededed_256x240.png,200,OK,Thread Group 1-1,bin,true,,4667,4,4,http://10.10.3.16:8080/escm/css/theme/images/ui-icons_ededed_256x240.png,,8,EASDB01
12/05/2017 14:54,5,58 /escm/css/theme/images/ui-icons_ededed_256x240.png,200,OK,Thread Group 1-2,bin,true,,4667,4,4,http://10.10.3.16:8080/escm/css/theme/images/ui-icons_ededed_256x240.png,,5,EASDB01
12/05/2017 14:54,10,72 /escm/js/validator.js,200,OK,Thread Group 1-4,text,true,,5286,4,4,http://10.10.3.16:8080/escm/js/validator.js,,8,EASDB01
12/05/2017 14:54,8,59 /escm/css/theme/images/ui-icons_ffffff_256x240.png,200,OK,Thread Group 1-1,bin,true,,4667,4,4,http://10.10.3.16:8080/escm/css/theme/images/ui-icons_ffffff_256x240.png,,8,EASDB01
12/05/2017 14:54,2032,Login Page Credentials and Dashboard Display,200,"Number of samples in transaction : 52, number of failing samples : 0",Thread Group 1-1,,true,,327931,4,4,null,,1002,EASDB01
12/05/2017 14:54,7,59 /escm/css/theme/images/ui-icons_ffffff_256x240.png,200,OK,Thread Group 1-2,bin,true,,4667,4,4,http://10.10.3.16:8080/escm/css/theme/images/ui-icons_ffffff_256x240.png,,7,EASDB01
12/05/2017 14:54,1738,Login Page Credentials and Dashboard Display,200,"Number of samples in transaction : 52, number of failing samples : 0",Thread Group 1-2,,true,,327927,4,4,null,,789,EASDB01
12/05/2017 14:54,7,71 /escm/js/jquery.alerts.js,200,OK,Thread Group 1-4,text,true,,2581,4,4,http://10.10.3.16:8080/escm/js/jquery.alerts.js,,6,EASDB01
12/05/2017 14:54,47,70 /escm/js/jquery-ui-1.8.17.custom.min.js,200,OK,Thread Group 1-4,text,true,,53407,4,4,http://10.10.3.16:8080/escm/js/jquery-ui-1.8.17.custom.min.js,,21,EASDB01
12/05/2017 14:54,10,73 /escm/js/jquery.bpopup.min.js,200,OK,Thread Group 1-4,text,true,,2280,4,4,http://10.10.3.16:8080/escm/js/jquery.bpopup.min.js,,9,EASDB01
12/05/2017 14:54,6,66 /escm/css/jquery.ui.timepicker.css,200,OK,Thread Group 1-4,text,true,,2086,4,4,http://10.10.3.16:8080/escm/css/jquery.ui.timepicker.css,,6,EASDB01
12/05/2017 14:54,81,69 /escm/js/jquery-1.5.2.min.js,200,OK,Thread Group 1-4,text,true,,65186,4,4,http://10.10.3.16:8080/escm/js/jquery-1.5.2.min.js,,26,EASDB01
12/05/2017 14:54,81,64 /escm/css/merchant.css,200,OK,Thread Group 1-4,text,true,,64167,4,4,http://10.10.3.16:8080/escm/css/merchant.css,,34,EASDB01
12/05/2017 14:54,1082,5 /escm/login/doAuth?id=loginform,200,OK,Thread Group 1-3,text,true,,10022,4,4,http://10.10.3.16:8080/escm/dashboard/myAccountInfo,,417,EASDB01
12/05/2017 14:54,6,65 /escm/css/logintypedialog.css,200,OK,Thread Group 1-4,text,true,,1287,4,4,http://10.10.3.16:8080/escm/css/logintypedialog.css,,6,EASDB01
12/05/2017 14:54,9,10 /escm/css/modern_ui/usageGraph/examples.css,200,OK,Thread Group 1-3,text,true,,1596,4,4,http://10.10.3.16:8080/escm/css/modern_ui/usageGraph/examples.css,,9,EASDB01
12/05/2017 14:54,6,74 /escm/css/fonts/Roboto-Light.woff,200,OK,Thread Group 1-4,text,true,,73848,4,4,http://10.10.3.16:8080/escm/css/fonts/Roboto-Light.woff,,5,EASDB01
12/05/2017 14:54,6,11 /escm/css/modern_ui/usageGraph/jquery.jqplot.css,200,OK,Thread Group 1-3,text,true,,1865,4,4,http://10.10.3.16:8080/escm/css/modern_ui/usageGraph/jquery.jqplot.css,,5,EASDB01
12/05/2017 14:54,9,75 /escm/css/fonts/Roboto-Bold.woff,200,OK,Thread Group 1-4,text,true,,71736,4,4,http://10.10.3.16:8080/escm/css/fonts/Roboto-Bold.woff,,9,EASDB01
12/05/2017 14:54,6,14 /escm/css/modern_ui/jquery.multiselect.css,200,OK,Thread Group 1-3,text,true,,2234,4,4,http://10.10.3.16:8080/escm/css/modern_ui/jquery.multiselect.css,,6,EASDB01
12/05/2017 14:54,7,76 /escm/css/fonts/Roboto-Regular.ttf,200,OK,Thread Group 1-4,text,true,,145593,4,4,http://10.10.3.16:8080/escm/css/fonts/Roboto-Regular.ttf,,5,EASDB01
12/05/2017 14:54,399,Login Page Request,,"Number of samples in transaction : 15, number of failing samples : 1",Thread Group 1-4,,false,,500691,4,4,null,,260,EASDB01
12/05/2017 14:54,11,15 /escm/js/jquery.qtip-1.0.0-rc3.min.js,200,OK,Thread Group 1-3,text,true,,10015,4,4,http://10.10.3.16:8080/escm/js/jquery.qtip-1.0.0-rc3.min.js,,10,EASDB01
12/05/2017 14:54,13,23 /escm/js/jquery-validate/jquery.metadata.js,200,OK,Thread Group 1-3,text,true,,1938,4,4,http://10.10.3.16:8080/escm/js/jquery-validate/jquery.metadata.js,,12,EASDB01
12/05/2017 14:54,7,9 /escm/css/modern_ui/usageGraph/jquery.jqplot.min.css,200,OK,Thread Group 1-3,text,true,,1323,4,4,http://10.10.3.16:8080/escm/css/modern_ui/usageGraph/jquery.jqplot.min.css,,6,EASDB01
12/05/2017 14:54,6,22 /escm/js/slideBlock.js,200,OK,Thread Group 1-3,text,true,,1162,4,4,http://10.10.3.16:8080/escm/js/slideBlock.js,,6,EASDB01
12/05/2017 14:54,6,21 /escm/js/clearinput.js,200,OK,Thread Group 1-3,text,true,,1200,4,4,http://10.10.3.16:8080/escm/js/clearinput.js,,6,EASDB01
12/05/2017 14:54,6,13 /escm/css/tablesorter.css,200,OK,Thread Group 1-3,text,true,,2313,4,4,http://10.10.3.16:8080/escm/css/tablesorter.css,,6,EASDB01
12/05/2017 14:54,6,24 /escm/js/datatable.js,200,OK,Thread Group 1-3,text,true,,1607,4,4,http://10.10.3.16:8080/escm/js/datatable.js,,6,EASDB01
12/05/2017 14:54,7,38 /escm/js/jquery.leanModal.min.js,200,OK,Thread Group 1-3,text,true,,1343,4,4,http://10.10.3.16:8080/escm/js/jquery.leanModal.min.js,,7,EASDB01
12/05/2017 14:54,9,40 /escm/js/escm_alert.js,200,OK,Thread Group 1-3,text,true,,2139,4,4,http://10.10.3.16:8080/escm/js/escm_alert.js,,9,EASDB01
12/05/2017 14:54,6,25 /escm/js/jquery.ba-dotimeout.min.js,200,OK,Thread Group 1-3,text,true,,1383,4,4,http://10.10.3.16:8080/escm/js/jquery.ba-dotimeout.min.js,,5,EASDB01
12/05/2017 14:54,8,18 /escm/js/main.js,200,OK,Thread Group 1-3,text,true,,2967,4,4,http://10.10.3.16:8080/escm/js/main.js,,7,EASDB01
12/05/2017 14:54,7,19 /escm/js/jquery-validate/additional-methods.min.js,200,OK,Thread Group 1-3,text,true,,2753,4,4,http://10.10.3.16:8080/escm/js/jquery-validate/additional-methods.min.js,,6,EASDB01
12/05/2017 14:54,6,46 /escm/js/payment/jquery.tzCheckbox.js,200,OK,Thread Group 1-3,text,true,,1635,4,4,http://10.10.3.16:8080/escm/js/payment/jquery.tzCheckbox.js,,6,EASDB01
12/05/2017 14:54,9,12 /escm/css/payment/jquery.tzCheckbox.css,200,OK,Thread Group 1-3,text,true,,1130,4,4,http://10.10.3.16:8080/escm/css/payment/jquery.tzCheckbox.css,,9,EASDB01
12/05/2017 14:54,48,31 /escm/js/usageGraphJS/jqplot.canvasTextRenderer.min.js,200,OK,Thread Group 1-3,text,true,,4130,4,4,http://10.10.3.16:8080/escm/js/usageGraphJS/jqplot.canvasTextRenderer.min.js,,47,EASDB01
12/05/2017 14:54,25,41 /escm/js/jquery.flexslider.js,200,OK,Thread Group 1-3,text,true,,12247,4,4,http://10.10.3.16:8080/escm/js/jquery.flexslider.js,,23,EASDB01
12/05/2017 14:54,12,33 /escm/js/usageGraphJS/excanvas.min.js,200,OK,Thread Group 1-3,text,true,,8168,4,4,http://10.10.3.16:8080/escm/js/usageGraphJS/excanvas.min.js,,10,EASDB01
12/05/2017 14:54,11,42 /escm/js/usageGraphJS/jqplot.pointLabels.min.js,200,OK,Thread Group 1-3,text,true,,1988,4,4,http://10.10.3.16:8080/escm/js/usageGraphJS/jqplot.pointLabels.min.js,,10,EASDB01
12/05/2017 14:54,8,37 /escm/js/jquery.slimscroll.min.js,200,OK,Thread Group 1-3,text,true,,2145,4,4,http://10.10.3.16:8080/escm/js/jquery.slimscroll.min.js,,7,EASDB01
12/05/2017 14:54,9,30 /escm/js/usageGraphJS/jqplot.canvasAxisLabelRenderer.min.js,200,OK,Thread Group 1-3,text,true,,1301,4,4,http://10.10.3.16:8080/escm/js/usageGraphJS/jqplot.canvasAxisLabelRenderer.min.js,,8,EASDB01
12/05/2017 14:54,10,34 /escm/js/placeholders.min.js,200,OK,Thread Group 1-3,text,true,,1967,4,4,http://10.10.3.16:8080/escm/js/placeholders.min.js,,9,EASDB01
12/05/2017 14:54,18,26 /escm/js/usageGraphJS/jqplot.canvasAxisTickRenderer.min.js,200,OK,Thread Group 1-3,text,true,,1465,4,4,http://10.10.3.16:8080/escm/js/usageGraphJS/jqplot.canvasAxisTickRenderer.min.js,,17,EASDB01
12/05/2017 14:54,8,47 /escm/js/panels.js,200,OK,Thread Group 1-3,text,true,,2221,4,4,http://10.10.3.16:8080/escm/js/panels.js,,7,EASDB01
12/05/2017 14:54,11,35 /escm/js/jquery.elastic.source.js,200,OK,Thread Group 1-3,text,true,,2329,4,4,http://10.10.3.16:8080/escm/js/jquery.elastic.source.js,,9,EASDB01
12/05/2017 14:54,10,44 /escm/js/jquery.scrollToTop.min.js,200,OK,Thread Group 1-3,text,true,,774,4,4,http://10.10.3.16:8080/escm/js/jquery.scrollToTop.min.js,,10,EASDB01
12/05/2017 14:54,22,17 /escm/js/jquery.tablesorter.js,200,OK,Thread Group 1-3,text,true,,8739,4,4,http://10.10.3.16:8080/escm/js/jquery.tablesorter.js,,13,EASDB01
12/05/2017 14:54,17,27 /escm/js/usageGraphJS/jqplot.enhancedLegendRenderer.min.js,200,OK,Thread Group 1-3,text,true,,2017,4,4,http://10.10.3.16:8080/escm/js/usageGraphJS/jqplot.enhancedLegendRenderer.min.js,,15,EASDB01
12/05/2017 14:54,11,20 /escm/js/jquery-validate/jquery.validate.min.js,200,OK,Thread Group 1-3,text,true,,6824,4,4,http://10.10.3.16:8080/escm/js/jquery-validate/jquery.validate.min.js,,10,EASDB01
12/05/2017 14:54,86,32 /escm/js/usageGraphJS/jquery.jqplot.min.js,200,OK,Thread Group 1-3,text,true,,43049,4,4,http://10.10.3.16:8080/escm/js/usageGraphJS/jquery.jqplot.min.js,,69,EASDB01
12/05/2017 14:54,21,39 /escm/js/jquery.ui.timepicker.js,200,OK,Thread Group 1-3,text,true,,14262,4,4,http://10.10.3.16:8080/escm/js/jquery.ui.timepicker.js,,18,EASDB01
12/05/2017 14:54,15,16 /escm/js/jquery.blockUI.js,200,OK,Thread Group 1-3,text,true,,6159,4,4,http://10.10.3.16:8080/escm/js/jquery.blockUI.js,,13,EASDB01
12/05/2017 14:54,9,28 /escm/js/usageGraphJS/jqplot.highlighter.min.js,200,OK,Thread Group 1-3,text,true,,2518,4,4,http://10.10.3.16:8080/escm/js/usageGraphJS/jqplot.highlighter.min.js,,8,EASDB01
12/05/2017 14:54,14,36 /escm/js/MonthPicker.min.js,200,OK,Thread Group 1-3,text,true,,4086,4,4,http://10.10.3.16:8080/escm/js/MonthPicker.min.js,,13,EASDB01
12/05/2017 14:54,51,29 /escm/js/usageGraphJS/jqplot.dateAxisRenderer.min.js,200,OK,Thread Group 1-3,text,true,,3191,4,4,http://10.10.3.16:8080/escm/js/usageGraphJS/jqplot.dateAxisRenderer.min.js,,47,EASDB01
12/05/2017 14:54,29,43 /escm/js/usageGraphJS/jqplot.cursor.min.js,200,OK,Thread Group 1-3,text,true,,5710,4,4,http://10.10.3.16:8080/escm/js/usageGraphJS/jqplot.cursor.min.js,,28,EASDB01
12/05/2017 14:54,15,49 /escm/images/myAccount.png,200,OK,Thread Group 1-3,bin,true,,6797,4,4,http://10.10.3.16:8080/escm/images/myAccount.png,,15,EASDB01
12/05/2017 14:54,7,48 /escm/css/modern_ui/images/myDashboard.png,200,OK,Thread Group 1-3,bin,true,,3239,4,4,http://10.10.3.16:8080/escm/css/modern_ui/images/myDashboard.png,,7,EASDB01
12/05/2017 14:54,109,45 /escm/js/payment/jquery.dataTables.js,200,OK,Thread Group 1-3,text,true,,89133,5,5,http://10.10.3.16:8080/escm/js/payment/jquery.dataTables.js,,28,EASDB01
12/05/2017 14:54,16,52 /escm/images/ticket/39x39ticket.png,200,OK,Thread Group 1-3,bin,true,,2725,5,5,http://10.10.3.16:8080/escm/images/ticket/39x39ticket.png,,16,EASDB01
12/05/2017 14:54,32,53 /escm/images/settings.png,200,OK,Thread Group 1-3,bin,true,,6116,5,5,http://10.10.3.16:8080/escm/images/settings.png,,31,EASDB01
12/05/2017 14:54,28,51 /escm/images/orders.png,200,OK,Thread Group 1-3,bin,true,,2716,5,5,http://10.10.3.16:8080/escm/images/orders.png,,28,EASDB01
12/05/2017 14:54,30,50 /escm/css/modern_ui/images/myCatalog.png,200,OK,Thread Group 1-3,bin,true,,3298,5,5,http://10.10.3.16:8080/escm/css/modern_ui/images/myCatalog.png,,30,EASDB01
12/05/2017 14:54,6,55 /escm/css/modern_ui/images/dropDown.png,200,OK,Thread Group 1-3,bin,true,,5895,5,5,http://10.10.3.16:8080/escm/css/modern_ui/images/dropDown.png,,6,EASDB01
12/05/2017 14:54,240,62 /escm/login/auth,200,OK,Thread Group 1-5,text,true,,5226,5,5,http://10.10.3.16:8080/escm/login/auth,,237,EASDB01
12/05/2017 14:54,15,56 /escm/images/_loading.gif,200,OK,Thread Group 1-3,bin,true,,4474,5,5,http://10.10.3.16:8080/escm/images/_loading.gif,,15,EASDB01
12/05/2017 14:54,7,67 /escm/css/jquery.alerts.css,200,OK,Thread Group 1-5,text,true,,1235,5,5,http://10.10.3.16:8080/escm/css/jquery.alerts.css,,7,EASDB01
12/05/2017 14:54,6,54 /escm/css/modern_ui/images/CP_login.png,200,OK,Thread Group 1-3,bin,true,,6465,5,5,http://10.10.3.16:8080/escm/css/modern_ui/images/CP_login.png,,5,EASDB01
12/05/2017 14:54,8,63 /escm/css/theme/jquery-ui-1.8.17.custom.css,200,OK,Thread Group 1-5,text,true,,6664,5,5,http://10.10.3.16:8080/escm/css/theme/jquery-ui-1.8.17.custom.css,,7,EASDB01
12/05/2017 14:54,9,57 /escm/images/bubble.png,200,OK,Thread Group 1-3,bin,true,,3819,5,5,http://10.10.3.16:8080/escm/images/bubble.png,,9,EASDB01
12/05/2017 14:54,5,68 /escmnull/css/merchant.css,404,Not Found,Thread Group 1-5,,false,,109,5,5,http://10.10.3.16:8080/escmnull/css/merchant.css,,5,EASDB01
12/05/2017 14:54,12,72 /escm/js/validator.js,200,OK,Thread Group 1-5,text,true,,5286,5,5,http://10.10.3.16:8080/escm/js/validator.js,,11,EASDB01
12/05/2017 14:54,17,58 /escm/css/theme/images/ui-icons_ededed_256x240.png,200,OK,Thread Group 1-3,bin,true,,4667,5,5,http://10.10.3.16:8080/escm/css/theme/images/ui-icons_ededed_256x240.png,,16,EASDB01
12/05/2017 14:54,6,71 /escm/js/jquery.alerts.js,200,OK,Thread Group 1-5,text,true,,2581,5,5,http://10.10.3.16:8080/escm/js/jquery.alerts.js,,6,EASDB01
12/05/2017 14:54,36,59 /escm/css/theme/images/ui-icons_ffffff_256x240.png,200,OK,Thread Group 1-3,bin,true,,4667,5,5,http://10.10.3.16:8080/escm/css/theme/images/ui-icons_ffffff_256x240.png,,36,EASDB01
12/05/2017 14:54,1981,Login Page Credentials and Dashboard Display,200,"Number of samples in transaction : 52, number of failing samples : 0",Thread Group 1-3,,true,,327926,5,5,null,,1171,EASDB01
12/05/2017 14:54,41,70 /escm/js/jquery-ui-1.8.17.custom.min.js,200,OK,Thread Group 1-5,text,true,,53407,5,5,http://10.10.3.16:8080/escm/js/jquery-ui-1.8.17.custom.min.js,,20,EASDB01
12/05/2017 14:54,5,73 /escm/js/jquery.bpopup.min.js,200,OK,Thread Group 1-5,text,true,,2280,5,5,http://10.10.3.16:8080/escm/js/jquery.bpopup.min.js,,5,EASDB01
12/05/2017 14:54,10,66 /escm/css/jquery.ui.timepicker.css,200,OK,Thread Group 1-5,text,true,,2086,5,5,http://10.10.3.16:8080/escm/css/jquery.ui.timepicker.css,,10,EASDB01
12/05/2017 14:54,70,69 /escm/js/jquery-1.5.2.min.js,200,OK,Thread Group 1-5,text,true,,65186,5,5,http://10.10.3.16:8080/escm/js/jquery-1.5.2.min.js,,46,EASDB01
12/05/2017 14:54,1314,77 /escm/order/index,200,OK,Thread Group 1-2,text,true,,19218,5,5,http://10.10.3.16:8080/escm/order/list,,36,EASDB01
12/05/2017 14:54,1344,77 /escm/order/index,200,OK,Thread Group 1-1,text,true,,19216,5,5,http://10.10.3.16:8080/escm/order/list,,17,EASDB01
12/05/2017 14:54,18,79 /escm/images/icon14.gif,200,OK,Thread Group 1-2,bin,true,,579,5,5,http://10.10.3.16:8080/escm/images/icon14.gif,,18,EASDB01
12/05/2017 14:54,6,81 /escm/images/recent.png,200,OK,Thread Group 1-2,bin,true,,2030,5,5,http://10.10.3.16:8080/escm/images/recent.png,,5,EASDB01
12/05/2017 14:54,6,79 /escm/images/icon14.gif,200,OK,Thread Group 1-1,bin,true,,579,5,5,http://10.10.3.16:8080/escm/images/icon14.gif,,6,EASDB01
12/05/2017 14:54,5,81 /escm/images/recent.png,200,OK,Thread Group 1-1,bin,true,,2030,5,5,http://10.10.3.16:8080/escm/images/recent.png,,5,EASDB01
12/05/2017 14:54,7,83 /escm/images/hourglass.png,200,OK,Thread Group 1-2,bin,true,,2265,5,5,http://10.10.3.16:8080/escm/images/hourglass.png,,7,EASDB01
12/05/2017 14:54,49,64 /escm/css/merchant.css,200,OK,Thread Group 1-5,text,true,,64167,5,5,http://10.10.3.16:8080/escm/css/merchant.css,,29,EASDB01
12/05/2017 14:54,5,80 /escm/images/loading.gif,200,OK,Thread Group 1-2,bin,true,,1019,5,5,http://10.10.3.16:8080/escm/images/loading.gif,,5,EASDB01
12/05/2017 14:54,9,83 /escm/images/hourglass.png,200,OK,Thread Group 1-1,bin,true,,2265,5,5,http://10.10.3.16:8080/escm/images/hourglass.png,,9,EASDB01
12/05/2017 14:54,5,65 /escm/css/logintypedialog.css,200,OK,Thread Group 1-5,text,true,,1287,5,5,http://10.10.3.16:8080/escm/css/logintypedialog.css,,5,EASDB01
12/05/2017 14:54,5,87 /escm/images/ticket/order_ticket.png,200,OK,Thread Group 1-2,bin,true,,4108,5,5,http://10.10.3.16:8080/escm/images/ticket/order_ticket.png,,5,EASDB01
12/05/2017 14:54,5,80 /escm/images/loading.gif,200,OK,Thread Group 1-1,bin,true,,1019,5,5,http://10.10.3.16:8080/escm/images/loading.gif,,5,EASDB01
12/05/2017 14:54,4,74 /escm/css/fonts/Roboto-Light.woff,200,OK,Thread Group 1-5,text,true,,73848,5,5,http://10.10.3.16:8080/escm/css/fonts/Roboto-Light.woff,,3,EASDB01
12/05/2017 14:54,5,84 /escm/images/express_order.png,200,OK,Thread Group 1-2,bin,true,,1371,5,5,http://10.10.3.16:8080/escm/images/express_order.png,,5,EASDB01
12/05/2017 14:54,5,75 /escm/css/fonts/Roboto-Bold.woff,200,OK,Thread Group 1-5,text,true,,71736,5,5,http://10.10.3.16:8080/escm/css/fonts/Roboto-Bold.woff,,4,EASDB01
12/05/2017 14:54,12,87 /escm/images/ticket/order_ticket.png,200,OK,Thread Group 1-1,bin,true,,4108,5,5,http://10.10.3.16:8080/escm/images/ticket/order_ticket.png,,12,EASDB01
12/05/2017 14:54,9,85 /escm/images/cancelicon.png,200,OK,Thread Group 1-2,bin,true,,1675,5,5,http://10.10.3.16:8080/escm/images/cancelicon.png,,9,EASDB01
12/05/2017 14:54,6,76 /escm/css/fonts/Roboto-Regular.ttf,200,OK,Thread Group 1-5,text,true,,145593,5,5,http://10.10.3.16:8080/escm/css/fonts/Roboto-Regular.ttf,,5,EASDB01
12/05/2017 14:54,473,Login Page Request,,"Number of samples in transaction : 15, number of failing samples : 1",Thread Group 1-5,,false,,500691,5,5,null,,400,EASDB01
12/05/2017 14:54,5,84 /escm/images/express_order.png,200,OK,Thread Group 1-1,bin,true,,1371,5,5,http://10.10.3.16:8080/escm/images/express_order.png,,5,EASDB01
12/05/2017 14:54,6,82 /escm/images/orderstatusicon/provisioningfailed.png,200,OK,Thread Group 1-2,bin,true,,1561,5,5,http://10.10.3.16:8080/escm/images/orderstatusicon/provisioningfailed.png,,6,EASDB01
12/05/2017 14:54,6,85 /escm/images/cancelicon.png,200,OK,Thread Group 1-1,bin,true,,1675,5,5,http://10.10.3.16:8080/escm/images/cancelicon.png,,6,EASDB01
12/05/2017 14:54,7,82 /escm/images/orderstatusicon/provisioningfailed.png,200,OK,Thread Group 1-1,bin,true,,1561,5,5,http://10.10.3.16:8080/escm/images/orderstatusicon/provisioningfailed.png,,7,EASDB01
12/05/2017 14:54,11,86 /escm/images/bb_ajax_loader.gif,200,OK,Thread Group 1-2,bin,true,,3190,5,5,http://10.10.3.16:8080/escm/images/bb_ajax_loader.gif,,11,EASDB01
12/05/2017 14:54,7,86 /escm/images/bb_ajax_loader.gif,200,OK,Thread Group 1-1,bin,true,,3190,5,5,http://10.10.3.16:8080/escm/images/bb_ajax_loader.gif,,7,EASDB01
12/05/2017 14:54,10,89 /escm/images/previous.png,200,OK,Thread Group 1-2,bin,true,,16816,5,5,http://10.10.3.16:8080/escm/images/previous.png,,10,EASDB01
12/05/2017 14:54,4,89 /escm/images/previous.png,200,OK,Thread Group 1-1,bin,true,,16816,5,5,http://10.10.3.16:8080/escm/images/previous.png,,4,EASDB01
12/05/2017 14:54,6,90 /escm/images/next.png,200,OK,Thread Group 1-1,bin,true,,16766,5,5,http://10.10.3.16:8080/escm/images/next.png,,6,EASDB01
12/05/2017 14:54,10,90 /escm/images/next.png,200,OK,Thread Group 1-2,bin,true,,16766,5,5,http://10.10.3.16:8080/escm/images/next.png,,10,EASDB01
12/05/2017 14:54,5,91 /escm/images/view_mail.png,200,OK,Thread Group 1-1,bin,true,,19693,5,5,http://10.10.3.16:8080/escm/images/view_mail.png,,5,EASDB01
12/05/2017 14:54,6,91 /escm/images/view_mail.png,200,OK,Thread Group 1-2,bin,true,,19693,5,5,http://10.10.3.16:8080/escm/images/view_mail.png,,5,EASDB01
12/05/2017 14:54,6,92 /escm/css/theme/images/ui-icons_blue_256x240.png,200,OK,Thread Group 1-1,bin,true,,4847,5,5,http://10.10.3.16:8080/escm/css/theme/images/ui-icons_blue_256x240.png,,6,EASDB01
12/05/2017 14:54,5,92 /escm/css/theme/images/ui-icons_blue_256x240.png,200,OK,Thread Group 1-2,bin,true,,4847,5,5,http://10.10.3.16:8080/escm/css/theme/images/ui-icons_blue_256x240.png,,5,EASDB01
12/05/2017 14:54,1357,5 /escm/login/doAuth?id=loginform,200,OK,Thread Group 1-4,text,true,,10017,5,5,http://10.10.3.16:8080/escm/dashboard/myAccountInfo,,646,EASDB01
12/05/2017 14:54,7,10 /escm/css/modern_ui/usageGraph/examples.css,200,OK,Thread Group 1-4,text,true,,1596,5,5,http://10.10.3.16:8080/escm/css/modern_ui/usageGraph/examples.css,,5,EASDB01
12/05/2017 14:54,7,11 /escm/css/modern_ui/usageGraph/jquery.jqplot.css,200,OK,Thread Group 1-4,text,true,,1865,5,5,http://10.10.3.16:8080/escm/css/modern_ui/usageGraph/jquery.jqplot.css,,6,EASDB01
12/05/2017 14:54,7,14 /escm/css/modern_ui/jquery.multiselect.css,200,OK,Thread Group 1-4,text,true,,2234,5,5,http://10.10.3.16:8080/escm/css/modern_ui/jquery.multiselect.css,,7,EASDB01
12/05/2017 14:54,12,15 /escm/js/jquery.qtip-1.0.0-rc3.min.js,200,OK,Thread Group 1-4,text,true,,10015,5,5,http://10.10.3.16:8080/escm/js/jquery.qtip-1.0.0-rc3.min.js,,10,EASDB01
12/05/2017 14:54,16,23 /escm/js/jquery-validate/jquery.metadata.js,200,OK,Thread Group 1-4,text,true,,1938,5,5,http://10.10.3.16:8080/escm/js/jquery-validate/jquery.metadata.js,,14,EASDB01
12/05/2017 14:54,7,9 /escm/css/modern_ui/usageGraph/jquery.jqplot.min.css,200,OK,Thread Group 1-4,text,true,,1323,5,5,http://10.10.3.16:8080/escm/css/modern_ui/usageGraph/jquery.jqplot.min.css,,6,EASDB01
12/05/2017 14:54,12,22 /escm/js/slideBlock.js,200,OK,Thread Group 1-4,text,true,,1162,5,5,http://10.10.3.16:8080/escm/js/slideBlock.js,,11,EASDB01
12/05/2017 14:54,10,21 /escm/js/clearinput.js,200,OK,Thread Group 1-4,text,true,,1200,5,5,http://10.10.3.16:8080/escm/js/clearinput.js,,8,EASDB01
12/05/2017 14:54,8,13 /escm/css/tablesorter.css,200,OK,Thread Group 1-4,text,true,,2313,5,5,http://10.10.3.16:8080/escm/css/tablesorter.css,,8,EASDB01
12/05/2017 14:54,6,24 /escm/js/datatable.js,200,OK,Thread Group 1-4,text,true,,1607,5,5,http://10.10.3.16:8080/escm/js/datatable.js,,6,EASDB01
12/05/2017 14:54,6,38 /escm/js/jquery.leanModal.min.js,200,OK,Thread Group 1-4,text,true,,1343,5,5,http://10.10.3.16:8080/escm/js/jquery.leanModal.min.js,,6,EASDB01
12/05/2017 14:54,10,40 /escm/js/escm_alert.js,200,OK,Thread Group 1-4,text,true,,2139,5,5,http://10.10.3.16:8080/escm/js/escm_alert.js,,8,EASDB01
12/05/2017 14:54,8,25 /escm/js/jquery.ba-dotimeout.min.js,200,OK,Thread Group 1-4,text,true,,1383,5,5,http://10.10.3.16:8080/escm/js/jquery.ba-dotimeout.min.js,,8,EASDB01
12/05/2017 14:54,9,18 /escm/js/main.js,200,OK,Thread Group 1-4,text,true,,2967,5,5,http://10.10.3.16:8080/escm/js/main.js,,8,EASDB01
12/05/2017 14:54,9,19 /escm/js/jquery-validate/additional-methods.min.js,200,OK,Thread Group 1-4,text,true,,2753,5,5,http://10.10.3.16:8080/escm/js/jquery-validate/additional-methods.min.js,,7,EASDB01
12/05/2017 14:54,10,46 /escm/js/payment/jquery.tzCheckbox.js,200,OK,Thread Group 1-4,text,true,,1635,5,5,http://10.10.3.16:8080/escm/js/payment/jquery.tzCheckbox.js,,10,EASDB01
12/05/2017 14:54,18,12 /escm/css/payment/jquery.tzCheckbox.css,200,OK,Thread Group 1-4,text,true,,1130,5,5,http://10.10.3.16:8080/escm/css/payment/jquery.tzCheckbox.css,,18,EASDB01
12/05/2017 14:54,12,31 /escm/js/usageGraphJS/jqplot.canvasTextRenderer.min.js,200,OK,Thread Group 1-4,text,true,,4130,5,5,http://10.10.3.16:8080/escm/js/usageGraphJS/jqplot.canvasTextRenderer.min.js,,9,EASDB01
12/05/2017 14:54,25,41 /escm/js/jquery.flexslider.js,200,OK,Thread Group 1-4,text,true,,12247,5,5,http://10.10.3.16:8080/escm/js/jquery.flexslider.js,,16,EASDB01
12/05/2017 14:54,21,33 /escm/js/usageGraphJS/excanvas.min.js,200,OK,Thread Group 1-4,text,true,,8168,5,5,http://10.10.3.16:8080/escm/js/usageGraphJS/excanvas.min.js,,14,EASDB01
12/05/2017 14:54,7,42 /escm/js/usageGraphJS/jqplot.pointLabels.min.js,200,OK,Thread Group 1-4,text,true,,1988,5,5,http://10.10.3.16:8080/escm/js/usageGraphJS/jqplot.pointLabels.min.js,,6,EASDB01
12/05/2017 14:54,29,37 /escm/js/jquery.slimscroll.min.js,200,OK,Thread Group 1-4,text,true,,2145,5,5,http://10.10.3.16:8080/escm/js/jquery.slimscroll.min.js,,28,EASDB01
12/05/2017 14:54,36,30 /escm/js/usageGraphJS/jqplot.canvasAxisLabelRenderer.min.js,200,OK,Thread Group 1-4,text,true,,1301,5,5,http://10.10.3.16:8080/escm/js/usageGraphJS/jqplot.canvasAxisLabelRenderer.min.js,,31,EASDB01
12/05/2017 14:54,20,34 /escm/js/placeholders.min.js,200,OK,Thread Group 1-4,text,true,,1967,5,5,http://10.10.3.16:8080/escm/js/placeholders.min.js,,17,EASDB01
12/05/2017 14:54,9,26 /escm/js/usageGraphJS/jqplot.canvasAxisTickRenderer.min.js,200,OK,Thread Group 1-4,text,true,,1465,5,5,http://10.10.3.16:8080/escm/js/usageGraphJS/jqplot.canvasAxisTickRenderer.min.js,,8,EASDB01
12/05/2017 14:54,13,47 /escm/js/panels.js,200,OK,Thread Group 1-4,text,true,,2221,5,5,http://10.10.3.16:8080/escm/js/panels.js,,12,EASDB01
12/05/2017 14:54,11,35 /escm/js/jquery.elastic.source.js,200,OK,Thread Group 1-4,text,true,,2329,5,5,http://10.10.3.16:8080/escm/js/jquery.elastic.source.js,,10,EASDB01
12/05/2017 14:54,12,44 /escm/js/jquery.scrollToTop.min.js,200,OK,Thread Group 1-4,text,true,,774,5,5,http://10.10.3.16:8080/escm/js/jquery.scrollToTop.min.js,,12,EASDB01
12/05/2017 14:54,19,17 /escm/js/jquery.tablesorter.js,200,OK,Thread Group 1-4,text,true,,8739,5,5,http://10.10.3.16:8080/escm/js/jquery.tablesorter.js,,15,EASDB01
12/05/2017 14:54,7,27 /escm/js/usageGraphJS/jqplot.enhancedLegendRenderer.min.js,200,OK,Thread Group 1-4,text,true,,2017,5,5,http://10.10.3.16:8080/escm/js/usageGraphJS/jqplot.enhancedLegendRenderer.min.js,,6,EASDB01
12/05/2017 14:54,18,20 /escm/js/jquery-validate/jquery.validate.min.js,200,OK,Thread Group 1-4,text,true,,6824,5,5,http://10.10.3.16:8080/escm/js/jquery-validate/jquery.validate.min.js,,14,EASDB01
12/05/2017 14:54,67,32 /escm/js/usageGraphJS/jquery.jqplot.min.js,200,OK,Thread Group 1-4,text,true,,43049,5,5,http://10.10.3.16:8080/escm/js/usageGraphJS/jquery.jqplot.min.js,,25,EASDB01
12/05/2017 14:54,37,39 /escm/js/jquery.ui.timepicker.js,200,OK,Thread Group 1-4,text,true,,14262,5,5,http://10.10.3.16:8080/escm/js/jquery.ui.timepicker.js,,30,EASDB01
12/05/2017 14:54,752,88 /escm/order/showOrderDetail,200,OK,Thread Group 1-1,text,true,,20600,5,5,http://10.10.3.16:8080/escm/order/showOrderDetail,,744,EASDB01
12/05/2017 14:54,29,16 /escm/js/jquery.blockUI.js,200,OK,Thread Group 1-4,text,true,,6159,5,5,http://10.10.3.16:8080/escm/js/jquery.blockUI.js,,25,EASDB01
12/05/2017 14:54,768,88 /escm/order/showOrderDetail,200,OK,Thread Group 1-2,text,true,,20602,5,5,http://10.10.3.16:8080/escm/order/showOrderDetail,,761,EASDB01
12/05/2017 14:54,8,28 /escm/js/usageGraphJS/jqplot.highlighter.min.js,200,OK,Thread Group 1-4,text,true,,2518,5,5,http://10.10.3.16:8080/escm/js/usageGraphJS/jqplot.highlighter.min.js,,7,EASDB01
12/05/2017 14:54,26,94 /escm/images/warn.png,200,OK,Thread Group 1-1,bin,true,,1527,5,5,http://10.10.3.16:8080/escm/images/warn.png,,25,EASDB01
12/05/2017 14:54,12,36 /escm/js/MonthPicker.min.js,200,OK,Thread Group 1-4,text,true,,4086,5,5,http://10.10.3.16:8080/escm/js/MonthPicker.min.js,,11,EASDB01
12/05/2017 14:54,12,93 /escm/images/summary_edit_pencil.png,200,OK,Thread Group 1-1,bin,true,,9373,5,5,http://10.10.3.16:8080/escm/images/summary_edit_pencil.png,,12,EASDB01
12/05/2017 14:54,30,94 /escm/images/warn.png,200,OK,Thread Group 1-2,bin,true,,1527,5,5,http://10.10.3.16:8080/escm/images/warn.png,,30,EASDB01
12/05/2017 14:54,13,29 /escm/js/usageGraphJS/jqplot.dateAxisRenderer.min.js,200,OK,Thread Group 1-4,text,true,,3191,5,5,http://10.10.3.16:8080/escm/js/usageGraphJS/jqplot.dateAxisRenderer.min.js,,10,EASDB01
12/05/2017 14:54,11,95 /escm/images/order-icon-email.png,200,OK,Thread Group 1-1,bin,true,,4640,5,5,http://10.10.3.16:8080/escm/images/order-icon-email.png,,10,EASDB01
12/05/2017 14:54,6,93 /escm/images/summary_edit_pencil.png,200,OK,Thread Group 1-2,bin,true,,9373,5,5,http://10.10.3.16:8080/escm/images/summary_edit_pencil.png,,6,EASDB01
12/05/2017 14:54,9,96 /escm/images/slider-arrow-left.png,200,OK,Thread Group 1-1,bin,true,,1344,5,5,http://10.10.3.16:8080/escm/images/slider-arrow-left.png,,9,EASDB01
12/05/2017 14:54,12,43 /escm/js/usageGraphJS/jqplot.cursor.min.js,200,OK,Thread Group 1-4,text,true,,5710,5,5,http://10.10.3.16:8080/escm/js/usageGraphJS/jqplot.cursor.min.js,,9,EASDB01
12/05/2017 14:54,8,95 /escm/images/order-icon-email.png,200,OK,Thread Group 1-2,bin,true,,4640,5,5,http://10.10.3.16:8080/escm/images/order-icon-email.png,,8,EASDB01
12/05/2017 14:54,8,97 /escm/images/slider-arrow-right.png,200,OK,Thread Group 1-1,bin,true,,1352,5,5,http://10.10.3.16:8080/escm/images/slider-arrow-right.png,,7,EASDB01
12/05/2017 14:54,8,96 /escm/images/slider-arrow-left.png,200,OK,Thread Group 1-2,bin,true,,1344,5,5,http://10.10.3.16:8080/escm/images/slider-arrow-left.png,,8,EASDB01
12/05/2017 14:54,13,49 /escm/images/myAccount.png,200,OK,Thread Group 1-4,bin,true,,6797,5,5,http://10.10.3.16:8080/escm/images/myAccount.png,,13,EASDB01
12/05/2017 14:54,5,97 /escm/images/slider-arrow-right.png,200,OK,Thread Group 1-2,bin,true,,1352,5,5,http://10.10.3.16:8080/escm/images/slider-arrow-right.png,,5,EASDB01
12/05/2017 14:54,8,48 /escm/css/modern_ui/images/myDashboard.png,200,OK,Thread Group 1-4,bin,true,,3239,5,5,http://10.10.3.16:8080/escm/css/modern_ui/images/myDashboard.png,,8,EASDB01
12/05/2017 14:54,20,98 /escm/messages,200,OK,Thread Group 1-1,text,true,,461,5,5,http://10.10.3.16:8080/escm/messages,,19,EASDB01
12/05/2017 14:54,17,98 /escm/messages,200,OK,Thread Group 1-2,text,true,,461,5,5,http://10.10.3.16:8080/escm/messages,,17,EASDB01
12/05/2017 14:54,21,99 /escm/recentItem,200,OK,Thread Group 1-1,text,true,,341,5,5,http://10.10.3.16:8080/escm/recentItem,,21,EASDB01
12/05/2017 14:54,30,99 /escm/recentItem,200,OK,Thread Group 1-2,text,true,,341,5,5,http://10.10.3.16:8080/escm/recentItem,,30,EASDB01
12/05/2017 14:54,25,103 /escm/images/order-icon-provisioned.png,200,OK,Thread Group 1-1,bin,true,,4908,5,5,http://10.10.3.16:8080/escm/images/order-icon-provisioned.png,,25,EASDB01
12/05/2017 14:54,14,103 /escm/images/order-icon-provisioned.png,200,OK,Thread Group 1-2,bin,true,,4908,5,5,http://10.10.3.16:8080/escm/images/order-icon-provisioned.png,,14,EASDB01
12/05/2017 14:54,13,100 /escm/images/order-icon-adjust.png,200,OK,Thread Group 1-1,bin,true,,4916,5,5,http://10.10.3.16:8080/escm/images/order-icon-adjust.png,,13,EASDB01
12/05/2017 14:54,9,100 /escm/images/order-icon-adjust.png,200,OK,Thread Group 1-2,bin,true,,4916,5,5,http://10.10.3.16:8080/escm/images/order-icon-adjust.png,,9,EASDB01
12/05/2017 14:54,9,101 /escm/images/order-icon-custom-fields.png,200,OK,Thread Group 1-1,bin,true,,3696,5,5,http://10.10.3.16:8080/escm/images/order-icon-custom-fields.png,,9,EASDB01
12/05/2017 14:54,9,101 /escm/images/order-icon-custom-fields.png,200,OK,Thread Group 1-2,bin,true,,3696,5,5,http://10.10.3.16:8080/escm/images/order-icon-custom-fields.png,,9,EASDB01
12/05/2017 14:54,11,106 /escm/images/order-icon-ticket.png,200,OK,Thread Group 1-1,bin,true,,4310,5,5,http://10.10.3.16:8080/escm/images/order-icon-ticket.png,,11,EASDB01
12/05/2017 14:54,10,106 /escm/images/order-icon-ticket.png,200,OK,Thread Group 1-2,bin,true,,4310,5,5,http://10.10.3.16:8080/escm/images/order-icon-ticket.png,,10,EASDB01
12/05/2017 14:54,14,102 /escm/images/order-icon-subscription.png,200,OK,Thread Group 1-1,bin,true,,5870,5,5,http://10.10.3.16:8080/escm/images/order-icon-subscription.png,,14,EASDB01
12/05/2017 14:54,152,45 /escm/js/payment/jquery.dataTables.js,200,OK,Thread Group 1-4,text,true,,89133,5,5,http://10.10.3.16:8080/escm/js/payment/jquery.dataTables.js,,36,EASDB01
12/05/2017 14:54,50,105 /escm/images/order-icon-quote.png,200,OK,Thread Group 1-1,bin,true,,3773,5,5,http://10.10.3.16:8080/escm/images/order-icon-quote.png,,50,EASDB01
12/05/2017 14:54,8,52 /escm/images/ticket/39x39ticket.png,200,OK,Thread Group 1-4,bin,true,,2725,5,5,http://10.10.3.16:8080/escm/images/ticket/39x39ticket.png,,8,EASDB01
12/05/2017 14:54,71,102 /escm/images/order-icon-subscription.png,200,OK,Thread Group 1-2,bin,true,,5870,5,5,http://10.10.3.16:8080/escm/images/order-icon-subscription.png,,71,EASDB01
12/05/2017 14:54,14,104 /escm/images/order-icon-installment.png,200,OK,Thread Group 1-1,bin,true,,6303,5,5,http://10.10.3.16:8080/escm/images/order-icon-installment.png,,14,EASDB01
12/05/2017 14:54,2422,Order Selection,200,"Number of samples in transaction : 29, number of failing samples : 0",Thread Group 1-1,,true,,168550,5,5,null,,1083,EASDB01
12/05/2017 14:54,10,53 /escm/images/settings.png,200,OK,Thread Group 1-4,bin,true,,6116,5,5,http://10.10.3.16:8080/escm/images/settings.png,,10,EASDB01
12/05/2017 14:54,9,105 /escm/images/order-icon-quote.png,200,OK,Thread Group 1-2,bin,true,,3773,5,5,http://10.10.3.16:8080/escm/images/order-icon-quote.png,,9,EASDB01
12/05/2017 14:54,6,51 /escm/images/orders.png,200,OK,Thread Group 1-4,bin,true,,2716,5,5,http://10.10.3.16:8080/escm/images/orders.png,,6,EASDB01
12/05/2017 14:54,8,107 /escm/css/theme/images/ui-icons_222222_256x240.png,200,OK,Thread Group 1-1,bin,true,,4667,5,5,http://10.10.3.16:8080/escm/css/theme/images/ui-icons_222222_256x240.png,,8,EASDB01
12/05/2017 14:54,6,50 /escm/css/modern_ui/images/myCatalog.png,200,OK,Thread Group 1-4,bin,true,,3298,5,5,http://10.10.3.16:8080/escm/css/modern_ui/images/myCatalog.png,,6,EASDB01
12/05/2017 14:54,11,104 /escm/images/order-icon-installment.png,200,OK,Thread Group 1-2,bin,true,,6303,5,5,http://10.10.3.16:8080/escm/images/order-icon-installment.png,,11,EASDB01
12/05/2017 14:54,2422,Order Selection,200,"Number of samples in transaction : 29, number of failing samples : 0",Thread Group 1-2,,true,,168554,5,5,null,,1135,EASDB01
12/05/2017 14:54,8,108 /escm/images/BB-ajax-loader-round.gif,200,OK,Thread Group 1-1,bin,true,,8536,5,5,http://10.10.3.16:8080/escm/images/BB-ajax-loader-round.gif,,8,EASDB01
12/05/2017 14:54,6,107 /escm/css/theme/images/ui-icons_222222_256x240.png,200,OK,Thread Group 1-2,bin,true,,4667,5,5,http://10.10.3.16:8080/escm/css/theme/images/ui-icons_222222_256x240.png,,6,EASDB01
12/05/2017 14:54,10,55 /escm/css/modern_ui/images/dropDown.png,200,OK,Thread Group 1-4,bin,true,,5895,5,5,http://10.10.3.16:8080/escm/css/modern_ui/images/dropDown.png,,10,EASDB01
12/05/2017 14:54,9,108 /escm/images/BB-ajax-loader-round.gif,200,OK,Thread Group 1-2,bin,true,,8536,5,5,http://10.10.3.16:8080/escm/images/BB-ajax-loader-round.gif,,9,EASDB01
12/05/2017 14:54,10,56 /escm/images/_loading.gif,200,OK,Thread Group 1-4,bin,true,,4474,5,5,http://10.10.3.16:8080/escm/images/_loading.gif,,10,EASDB01
12/05/2017 14:54,9,54 /escm/css/modern_ui/images/CP_login.png,200,OK,Thread Group 1-4,bin,true,,6465,5,5,http://10.10.3.16:8080/escm/css/modern_ui/images/CP_login.png,,9,EASDB01
12/05/2017 14:54,12,57 /escm/images/bubble.png,200,OK,Thread Group 1-4,bin,true,,3819,5,5,http://10.10.3.16:8080/escm/images/bubble.png,,12,EASDB01
12/05/2017 14:54,6,58 /escm/css/theme/images/ui-icons_ededed_256x240.png,200,OK,Thread Group 1-4,bin,true,,4667,5,5,http://10.10.3.16:8080/escm/css/theme/images/ui-icons_ededed_256x240.png,,6,EASDB01
12/05/2017 14:54,6,59 /escm/css/theme/images/ui-icons_ffffff_256x240.png,200,OK,Thread Group 1-4,bin,true,,4667,5,5,http://10.10.3.16:8080/escm/css/theme/images/ui-icons_ffffff_256x240.png,,6,EASDB01
12/05/2017 14:54,2192,Login Page Credentials and Dashboard Display,200,"Number of samples in transaction : 52, number of failing samples : 0",Thread Group 1-4,,true,,327921,5,5,null,,1247,EASDB01
12/05/2017 14:54,1390,77 /escm/order/index,200,OK,Thread Group 1-3,text,true,,19218,5,5,http://10.10.3.16:8080/escm/order/list,,11,EASDB01
12/05/2017 14:54,6,79 /escm/images/icon14.gif,200,OK,Thread Group 1-3,bin,true,,579,5,5,http://10.10.3.16:8080/escm/images/icon14.gif,,6,EASDB01
12/05/2017 14:54,5,81 /escm/images/recent.png,200,OK,Thread Group 1-3,bin,true,,2030,5,5,http://10.10.3.16:8080/escm/images/recent.png,,5,EASDB01
12/05/2017 14:54,5,83 /escm/images/hourglass.png,200,OK,Thread Group 1-3,bin,true,,2265,5,5,http://10.10.3.16:8080/escm/images/hourglass.png,,5,EASDB01
12/05/2017 14:54,12,80 /escm/images/loading.gif,200,OK,Thread Group 1-3,bin,true,,1019,5,5,http://10.10.3.16:8080/escm/images/loading.gif,,12,EASDB01
12/05/2017 14:54,7,87 /escm/images/ticket/order_ticket.png,200,OK,Thread Group 1-3,bin,true,,4108,5,5,http://10.10.3.16:8080/escm/images/ticket/order_ticket.png,,6,EASDB01
12/05/2017 14:54,6,84 /escm/images/express_order.png,200,OK,Thread Group 1-3,bin,true,,1371,5,5,http://10.10.3.16:8080/escm/images/express_order.png,,6,EASDB01
12/05/2017 14:54,5,85 /escm/images/cancelicon.png,200,OK,Thread Group 1-3,bin,true,,1675,5,5,http://10.10.3.16:8080/escm/images/cancelicon.png,,5,EASDB01
12/05/2017 14:54,6,82 /escm/images/orderstatusicon/provisioningfailed.png,200,OK,Thread Group 1-3,bin,true,,1561,5,5,http://10.10.3.16:8080/escm/images/orderstatusicon/provisioningfailed.png,,6,EASDB01
12/05/2017 14:54,6,86 /escm/images/bb_ajax_loader.gif,200,OK,Thread Group 1-3,bin,true,,3190,5,5,http://10.10.3.16:8080/escm/images/bb_ajax_loader.gif,,6,EASDB01
12/05/2017 14:54,8,89 /escm/images/previous.png,200,OK,Thread Group 1-3,bin,true,,16816,5,5,http://10.10.3.16:8080/escm/images/previous.png,,8,EASDB01
12/05/2017 14:54,7,90 /escm/images/next.png,200,OK,Thread Group 1-3,bin,true,,16766,5,5,http://10.10.3.16:8080/escm/images/next.png,,7,EASDB01
12/05/2017 14:54,8,91 /escm/images/view_mail.png,200,OK,Thread Group 1-3,bin,true,,19693,5,5,http://10.10.3.16:8080/escm/images/view_mail.png,,8,EASDB01
12/05/2017 14:54,6,92 /escm/css/theme/images/ui-icons_blue_256x240.png,200,OK,Thread Group 1-3,bin,true,,4847,5,5,http://10.10.3.16:8080/escm/css/theme/images/ui-icons_blue_256x240.png,,6,EASDB01
12/05/2017 14:54,1511,5 /escm/login/doAuth?id=loginform,200,OK,Thread Group 1-5,text,true,,10016,5,5,http://10.10.3.16:8080/escm/dashboard/myAccountInfo,,522,EASDB01
12/05/2017 14:54,434,109 /escm/order/searchOrder,200,OK,Thread Group 1-1,text,true,,3737,5,5,http://10.10.3.16:8080/escm/order/searchOrder,,433,EASDB01
12/05/2017 14:54,22,10 /escm/css/modern_ui/usageGraph/examples.css,200,OK,Thread Group 1-5,text,true,,1596,5,5,http://10.10.3.16:8080/escm/css/modern_ui/usageGraph/examples.css,,21,EASDB01
12/05/2017 14:54,16,111 /escm/messages,200,OK,Thread Group 1-1,text,true,,461,5,5,http://10.10.3.16:8080/escm/messages,,16,EASDB01
12/05/2017 14:54,27,11 /escm/css/modern_ui/usageGraph/jquery.jqplot.css,200,OK,Thread Group 1-5,text,true,,1865,5,5,http://10.10.3.16:8080/escm/css/modern_ui/usageGraph/jquery.jqplot.css,,27,EASDB01
12/05/2017 14:54,449,109 /escm/order/searchOrder,200,OK,Thread Group 1-2,text,true,,3728,5,5,http://10.10.3.16:8080/escm/order/searchOrder,,448,EASDB01
12/05/2017 14:54,12,14 /escm/css/modern_ui/jquery.multiselect.css,200,OK,Thread Group 1-5,text,true,,2234,5,5,http://10.10.3.16:8080/escm/css/modern_ui/jquery.multiselect.css,,12,EASDB01
12/05/2017 14:54,17,112 /escm/recentItem,200,OK,Thread Group 1-1,text,true,,341,5,5,http://10.10.3.16:8080/escm/recentItem,,17,EASDB01
12/05/2017 14:54,23,111 /escm/messages,200,OK,Thread Group 1-2,text,true,,461,5,5,http://10.10.3.16:8080/escm/messages,,23,EASDB01
12/05/2017 14:54,13,15 /escm/js/jquery.qtip-1.0.0-rc3.min.js,200,OK,Thread Group 1-5,text,true,,10015,5,5,http://10.10.3.16:8080/escm/js/jquery.qtip-1.0.0-rc3.min.js,,11,EASDB01
12/05/2017 14:54,13,23 /escm/js/jquery-validate/jquery.metadata.js,200,OK,Thread Group 1-5,text,true,,1938,5,5,http://10.10.3.16:8080/escm/js/jquery-validate/jquery.metadata.js,,12,EASDB01
12/05/2017 14:54,22,112 /escm/recentItem,200,OK,Thread Group 1-2,text,true,,341,5,5,http://10.10.3.16:8080/escm/recentItem,,22,EASDB01
12/05/2017 14:54,9,9 /escm/css/modern_ui/usageGraph/jquery.jqplot.min.css,200,OK,Thread Group 1-5,text,true,,1323,5,5,http://10.10.3.16:8080/escm/css/modern_ui/usageGraph/jquery.jqplot.min.css,,8,EASDB01
12/05/2017 14:54,6,22 /escm/js/slideBlock.js,200,OK,Thread Group 1-5,text,true,,1162,5,5,http://10.10.3.16:8080/escm/js/slideBlock.js,,6,EASDB01
12/05/2017 14:54,9,21 /escm/js/clearinput.js,200,OK,Thread Group 1-5,text,true,,1200,5,5,http://10.10.3.16:8080/escm/js/clearinput.js,,8,EASDB01
12/05/2017 14:54,6,13 /escm/css/tablesorter.css,200,OK,Thread Group 1-5,text,true,,2313,5,5,http://10.10.3.16:8080/escm/css/tablesorter.css,,6,EASDB01
12/05/2017 14:54,9,24 /escm/js/datatable.js,200,OK,Thread Group 1-5,text,true,,1607,5,5,http://10.10.3.16:8080/escm/js/datatable.js,,9,EASDB01
12/05/2017 14:54,15,38 /escm/js/jquery.leanModal.min.js,200,OK,Thread Group 1-5,text,true,,1343,5,5,http://10.10.3.16:8080/escm/js/jquery.leanModal.min.js,,15,EASDB01
12/05/2017 14:54,46,40 /escm/js/escm_alert.js,200,OK,Thread Group 1-5,text,true,,2139,5,5,http://10.10.3.16:8080/escm/js/escm_alert.js,,45,EASDB01
12/05/2017 14:54,5,25 /escm/js/jquery.ba-dotimeout.min.js,200,OK,Thread Group 1-5,text,true,,1383,5,5,http://10.10.3.16:8080/escm/js/jquery.ba-dotimeout.min.js,,5,EASDB01
12/05/2017 14:54,16,18 /escm/js/main.js,200,OK,Thread Group 1-5,text,true,,2967,5,5,http://10.10.3.16:8080/escm/js/main.js,,15,EASDB01
12/05/2017 14:54,13,19 /escm/js/jquery-validate/additional-methods.min.js,200,OK,Thread Group 1-5,text,true,,2753,5,5,http://10.10.3.16:8080/escm/js/jquery-validate/additional-methods.min.js,,13,EASDB01
12/05/2017 14:54,6,46 /escm/js/payment/jquery.tzCheckbox.js,200,OK,Thread Group 1-5,text,true,,1635,5,5,http://10.10.3.16:8080/escm/js/payment/jquery.tzCheckbox.js,,5,EASDB01
12/05/2017 14:54,6,12 /escm/css/payment/jquery.tzCheckbox.css,200,OK,Thread Group 1-5,text,true,,1130,5,5,http://10.10.3.16:8080/escm/css/payment/jquery.tzCheckbox.css,,6,EASDB01
12/05/2017 14:54,11,31 /escm/js/usageGraphJS/jqplot.canvasTextRenderer.min.js,200,OK,Thread Group 1-5,text,true,,4130,5,5,http://10.10.3.16:8080/escm/js/usageGraphJS/jqplot.canvasTextRenderer.min.js,,9,EASDB01
12/05/2017 14:54,16,41 /escm/js/jquery.flexslider.js,200,OK,Thread Group 1-5,text,true,,12247,5,5,http://10.10.3.16:8080/escm/js/jquery.flexslider.js,,13,EASDB01
12/05/2017 14:54,11,33 /escm/js/usageGraphJS/excanvas.min.js,200,OK,Thread Group 1-5,text,true,,8168,5,5,http://10.10.3.16:8080/escm/js/usageGraphJS/excanvas.min.js,,9,EASDB01
12/05/2017 14:54,15,42 /escm/js/usageGraphJS/jqplot.pointLabels.min.js,200,OK,Thread Group 1-5,text,true,,1988,5,5,http://10.10.3.16:8080/escm/js/usageGraphJS/jqplot.pointLabels.min.js,,14,EASDB01
12/05/2017 14:54,10,37 /escm/js/jquery.slimscroll.min.js,200,OK,Thread Group 1-5,text,true,,2145,5,5,http://10.10.3.16:8080/escm/js/jquery.slimscroll.min.js,,10,EASDB01
12/05/2017 14:54,7,30 /escm/js/usageGraphJS/jqplot.canvasAxisLabelRenderer.min.js,200,OK,Thread Group 1-5,text,true,,1301,5,5,http://10.10.3.16:8080/escm/js/usageGraphJS/jqplot.canvasAxisLabelRenderer.min.js,,6,EASDB01
12/05/2017 14:54,10,34 /escm/js/placeholders.min.js,200,OK,Thread Group 1-5,text,true,,1967,5,5,http://10.10.3.16:8080/escm/js/placeholders.min.js,,9,EASDB01
12/05/2017 14:54,9,26 /escm/js/usageGraphJS/jqplot.canvasAxisTickRenderer.min.js,200,OK,Thread Group 1-5,text,true,,1465,5,5,http://10.10.3.16:8080/escm/js/usageGraphJS/jqplot.canvasAxisTickRenderer.min.js,,7,EASDB01
12/05/2017 14:54,14,47 /escm/js/panels.js,200,OK,Thread Group 1-5,text,true,,2221,5,5,http://10.10.3.16:8080/escm/js/panels.js,,13,EASDB01
12/05/2017 14:54,8,35 /escm/js/jquery.elastic.source.js,200,OK,Thread Group 1-5,text,true,,2329,5,5,http://10.10.3.16:8080/escm/js/jquery.elastic.source.js,,7,EASDB01
12/05/2017 14:54,6,44 /escm/js/jquery.scrollToTop.min.js,200,OK,Thread Group 1-5,text,true,,774,5,5,http://10.10.3.16:8080/escm/js/jquery.scrollToTop.min.js,,6,EASDB01
12/05/2017 14:54,13,17 /escm/js/jquery.tablesorter.js,200,OK,Thread Group 1-5,text,true,,8739,5,5,http://10.10.3.16:8080/escm/js/jquery.tablesorter.js,,11,EASDB01
12/05/2017 14:54,8,27 /escm/js/usageGraphJS/jqplot.enhancedLegendRenderer.min.js,200,OK,Thread Group 1-5,text,true,,2017,5,5,http://10.10.3.16:8080/escm/js/usageGraphJS/jqplot.enhancedLegendRenderer.min.js,,7,EASDB01
12/05/2017 14:54,11,20 /escm/js/jquery-validate/jquery.validate.min.js,200,OK,Thread Group 1-5,text,true,,6824,5,5,http://10.10.3.16:8080/escm/js/jquery-validate/jquery.validate.min.js,,8,EASDB01
12/05/2017 14:54,44,32 /escm/js/usageGraphJS/jquery.jqplot.min.js,200,OK,Thread Group 1-5,text,true,,43049,5,5,http://10.10.3.16:8080/escm/js/usageGraphJS/jquery.jqplot.min.js,,26,EASDB01
12/05/2017 14:54,685,88 /escm/order/showOrderDetail,200,OK,Thread Group 1-3,text,true,,20601,5,5,http://10.10.3.16:8080/escm/order/showOrderDetail,,682,EASDB01
12/05/2017 14:54,18,39 /escm/js/jquery.ui.timepicker.js,200,OK,Thread Group 1-5,text,true,,14262,5,5,http://10.10.3.16:8080/escm/js/jquery.ui.timepicker.js,,15,EASDB01
12/05/2017 14:54,7,94 /escm/images/warn.png,200,OK,Thread Group 1-3,bin,true,,1527,5,5,http://10.10.3.16:8080/escm/images/warn.png,,7,EASDB01
12/05/2017 14:54,6,93 /escm/images/summary_edit_pencil.png,200,OK,Thread Group 1-3,bin,true,,9373,5,5,http://10.10.3.16:8080/escm/images/summary_edit_pencil.png,,6,EASDB01
12/05/2017 14:54,5,95 /escm/images/order-icon-email.png,200,OK,Thread Group 1-3,bin,true,,4640,5,5,http://10.10.3.16:8080/escm/images/order-icon-email.png,,5,EASDB01
12/05/2017 14:54,23,16 /escm/js/jquery.blockUI.js,200,OK,Thread Group 1-5,text,true,,6159,5,5,http://10.10.3.16:8080/escm/js/jquery.blockUI.js,,21,EASDB01
12/05/2017 14:54,8,96 /escm/images/slider-arrow-left.png,200,OK,Thread Group 1-3,bin,true,,1344,5,5,http://10.10.3.16:8080/escm/images/slider-arrow-left.png,,8,EASDB01
12/05/2017 14:54,7,28 /escm/js/usageGraphJS/jqplot.highlighter.min.js,200,OK,Thread Group 1-5,text,true,,2518,5,5,http://10.10.3.16:8080/escm/js/usageGraphJS/jqplot.highlighter.min.js,,7,EASDB01
12/05/2017 14:54,6,97 /escm/images/slider-arrow-right.png,200,OK,Thread Group 1-3,bin,true,,1352,5,5,http://10.10.3.16:8080/escm/images/slider-arrow-right.png,,6,EASDB01
12/05/2017 14:54,19,36 /escm/js/MonthPicker.min.js,200,OK,Thread Group 1-5,text,true,,4086,5,5,http://10.10.3.16:8080/escm/js/MonthPicker.min.js,,17,EASDB01
12/05/2017 14:54,23,98 /escm/messages,200,OK,Thread Group 1-3,text,true,,461,5,5,http://10.10.3.16:8080/escm/messages,,23,EASDB01
12/05/2017 14:54,11,29 /escm/js/usageGraphJS/jqplot.dateAxisRenderer.min.js,200,OK,Thread Group 1-5,text,true,,3191,5,5,http://10.10.3.16:8080/escm/js/usageGraphJS/jqplot.dateAxisRenderer.min.js,,9,EASDB01
12/05/2017 14:54,9,43 /escm/js/usageGraphJS/jqplot.cursor.min.js,200,OK,Thread Group 1-5,text,true,,5710,5,5,http://10.10.3.16:8080/escm/js/usageGraphJS/jqplot.cursor.min.js,,8,EASDB01
12/05/2017 14:54,23,99 /escm/recentItem,200,OK,Thread Group 1-3,text,true,,341,5,5,http://10.10.3.16:8080/escm/recentItem,,20,EASDB01
12/05/2017 14:54,9,49 /escm/images/myAccount.png,200,OK,Thread Group 1-5,bin,true,,6797,5,5,http://10.10.3.16:8080/escm/images/myAccount.png,,9,EASDB01
12/05/2017 14:54,6,103 /escm/images/order-icon-provisioned.png,200,OK,Thread Group 1-3,bin,true,,4908,5,5,http://10.10.3.16:8080/escm/images/order-icon-provisioned.png,,6,EASDB01
12/05/2017 14:54,6,48 /escm/css/modern_ui/images/myDashboard.png,200,OK,Thread Group 1-5,bin,true,,3239,5,5,http://10.10.3.16:8080/escm/css/modern_ui/images/myDashboard.png,,5,EASDB01
12/05/2017 14:54,6,100 /escm/images/order-icon-adjust.png,200,OK,Thread Group 1-3,bin,true,,4916,5,5,http://10.10.3.16:8080/escm/images/order-icon-adjust.png,,5,EASDB01
12/05/2017 14:54,6,101 /escm/images/order-icon-custom-fields.png,200,OK,Thread Group 1-3,bin,true,,3696,5,5,http://10.10.3.16:8080/escm/images/order-icon-custom-fields.png,,6,EASDB01
12/05/2017 14:54,6,106 /escm/images/order-icon-ticket.png,200,OK,Thread Group 1-3,bin,true,,4310,5,5,http://10.10.3.16:8080/escm/images/order-icon-ticket.png,,6,EASDB01
12/05/2017 14:54,5,102 /escm/images/order-icon-subscription.png,200,OK,Thread Group 1-3,bin,true,,5870,5,5,http://10.10.3.16:8080/escm/images/order-icon-subscription.png,,5,EASDB01
12/05/2017 14:54,6,105 /escm/images/order-icon-quote.png,200,OK,Thread Group 1-3,bin,true,,3773,5,5,http://10.10.3.16:8080/escm/images/order-icon-quote.png,,6,EASDB01
12/05/2017 14:54,14,104 /escm/images/order-icon-installment.png,200,OK,Thread Group 1-3,bin,true,,6303,5,5,http://10.10.3.16:8080/escm/images/order-icon-installment.png,,14,EASDB01
12/05/2017 14:54,2289,Order Selection,200,"Number of samples in transaction : 29, number of failing samples : 0",Thread Group 1-3,,true,,168553,5,5,null,,902,EASDB01
12/05/2017 14:54,6,107 /escm/css/theme/images/ui-icons_222222_256x240.png,200,OK,Thread Group 1-3,bin,true,,4667,5,5,http://10.10.3.16:8080/escm/css/theme/images/ui-icons_222222_256x240.png,,6,EASDB01
12/05/2017 14:54,8,108 /escm/images/BB-ajax-loader-round.gif,200,OK,Thread Group 1-3,bin,true,,8536,5,5,http://10.10.3.16:8080/escm/images/BB-ajax-loader-round.gif,,8,EASDB01
12/05/2017 14:54,122,45 /escm/js/payment/jquery.dataTables.js,200,OK,Thread Group 1-5,text,true,,89133,5,5,http://10.10.3.16:8080/escm/js/payment/jquery.dataTables.js,,38,EASDB01
12/05/2017 14:54,7,52 /escm/images/ticket/39x39ticket.png,200,OK,Thread Group 1-5,bin,true,,2725,5,5,http://10.10.3.16:8080/escm/images/ticket/39x39ticket.png,,7,EASDB01
12/05/2017 14:54,6,53 /escm/images/settings.png,200,OK,Thread Group 1-5,bin,true,,6116,5,5,http://10.10.3.16:8080/escm/images/settings.png,,6,EASDB01
12/05/2017 14:54,6,51 /escm/images/orders.png,200,OK,Thread Group 1-5,bin,true,,2716,5,5,http://10.10.3.16:8080/escm/images/orders.png,,6,EASDB01
12/05/2017 14:54,6,50 /escm/css/modern_ui/images/myCatalog.png,200,OK,Thread Group 1-5,bin,true,,3298,5,5,http://10.10.3.16:8080/escm/css/modern_ui/images/myCatalog.png,,6,EASDB01
12/05/2017 14:54,6,55 /escm/css/modern_ui/images/dropDown.png,200,OK,Thread Group 1-5,bin,true,,5895,5,5,http://10.10.3.16:8080/escm/css/modern_ui/images/dropDown.png,,5,EASDB01
12/05/2017 14:54,6,56 /escm/images/_loading.gif,200,OK,Thread Group 1-5,bin,true,,4474,5,5,http://10.10.3.16:8080/escm/images/_loading.gif,,6,EASDB01
12/05/2017 14:54,8,54 /escm/css/modern_ui/images/CP_login.png,200,OK,Thread Group 1-5,bin,true,,6465,5,5,http://10.10.3.16:8080/escm/css/modern_ui/images/CP_login.png,,8,EASDB01
12/05/2017 14:54,6,57 /escm/images/bubble.png,200,OK,Thread Group 1-5,bin,true,,3819,5,5,http://10.10.3.16:8080/escm/images/bubble.png,,6,EASDB01
12/05/2017 14:54,5,58 /escm/css/theme/images/ui-icons_ededed_256x240.png,200,OK,Thread Group 1-5,bin,true,,4667,5,5,http://10.10.3.16:8080/escm/css/theme/images/ui-icons_ededed_256x240.png,,5,EASDB01
12/05/2017 14:54,5,59 /escm/css/theme/images/ui-icons_ffffff_256x240.png,200,OK,Thread Group 1-5,bin,true,,4667,5,5,http://10.10.3.16:8080/escm/css/theme/images/ui-icons_ffffff_256x240.png,,5,EASDB01
12/05/2017 14:54,2222,Login Page Credentials and Dashboard Display,200,"Number of samples in transaction : 52, number of failing samples : 0",Thread Group 1-5,,true,,327920,5,5,null,,1090,EASDB01
12/05/2017 14:54,1224,77 /escm/order/index,200,OK,Thread Group 1-4,text,true,,19201,5,5,http://10.10.3.16:8080/escm/order/list,,15,EASDB01
12/05/2017 14:54,7,79 /escm/images/icon14.gif,200,OK,Thread Group 1-4,bin,true,,579,5,5,http://10.10.3.16:8080/escm/images/icon14.gif,,7,EASDB01
12/05/2017 14:54,7,81 /escm/images/recent.png,200,OK,Thread Group 1-4,bin,true,,2030,5,5,http://10.10.3.16:8080/escm/images/recent.png,,7,EASDB01
12/05/2017 14:54,9,83 /escm/images/hourglass.png,200,OK,Thread Group 1-4,bin,true,,2265,5,5,http://10.10.3.16:8080/escm/images/hourglass.png,,9,EASDB01
12/05/2017 14:54,6,80 /escm/images/loading.gif,200,OK,Thread Group 1-4,bin,true,,1019,5,5,http://10.10.3.16:8080/escm/images/loading.gif,,6,EASDB01
12/05/2017 14:54,7,87 /escm/images/ticket/order_ticket.png,200,OK,Thread Group 1-4,bin,true,,4108,5,5,http://10.10.3.16:8080/escm/images/ticket/order_ticket.png,,7,EASDB01
12/05/2017 14:54,6,84 /escm/images/express_order.png,200,OK,Thread Group 1-4,bin,true,,1371,5,5,http://10.10.3.16:8080/escm/images/express_order.png,,6,EASDB01
12/05/2017 14:54,6,85 /escm/images/cancelicon.png,200,OK,Thread Group 1-4,bin,true,,1675,5,5,http://10.10.3.16:8080/escm/images/cancelicon.png,,6,EASDB01
12/05/2017 14:54,8,82 /escm/images/orderstatusicon/provisioningfailed.png,200,OK,Thread Group 1-4,bin,true,,1561,5,5,http://10.10.3.16:8080/escm/images/orderstatusicon/provisioningfailed.png,,8,EASDB01
12/05/2017 14:54,7,86 /escm/images/bb_ajax_loader.gif,200,OK,Thread Group 1-4,bin,true,,3190,5,5,http://10.10.3.16:8080/escm/images/bb_ajax_loader.gif,,7,EASDB01
12/05/2017 14:54,6,89 /escm/images/previous.png,200,OK,Thread Group 1-4,bin,true,,16816,5,5,http://10.10.3.16:8080/escm/images/previous.png,,6,EASDB01
12/05/2017 14:54,5,90 /escm/images/next.png,200,OK,Thread Group 1-4,bin,true,,16766,5,5,http://10.10.3.16:8080/escm/images/next.png,,4,EASDB01
12/05/2017 14:54,5,91 /escm/images/view_mail.png,200,OK,Thread Group 1-4,bin,true,,19693,5,5,http://10.10.3.16:8080/escm/images/view_mail.png,,5,EASDB01
12/05/2017 14:54,4,92 /escm/css/theme/images/ui-icons_blue_256x240.png,200,OK,Thread Group 1-4,bin,true,,4847,5,5,http://10.10.3.16:8080/escm/css/theme/images/ui-icons_blue_256x240.png,,4,EASDB01
12/05/2017 14:54,378,109 /escm/order/searchOrder,200,OK,Thread Group 1-3,text,true,,3729,5,5,http://10.10.3.16:8080/escm/order/searchOrder,,377,EASDB01
12/05/2017 14:54,17,111 /escm/messages,200,OK,Thread Group 1-3,text,true,,461,5,5,http://10.10.3.16:8080/escm/messages,,16,EASDB01
12/05/2017 14:54,20,112 /escm/recentItem,200,OK,Thread Group 1-3,text,true,,341,5,5,http://10.10.3.16:8080/escm/recentItem,,19,EASDB01
12/05/2017 14:54,1617,110 /escm/order/showOrderDetail,200,OK,Thread Group 1-2,text,true,,22046,5,5,http://10.10.3.16:8080/escm/order/showOrderDetail,,1606,EASDB01
12/05/2017 14:54,805,88 /escm/order/showOrderDetail,200,OK,Thread Group 1-4,text,true,,20599,5,5,http://10.10.3.16:8080/escm/order/showOrderDetail,,794,EASDB01
12/05/2017 14:54,26,94 /escm/images/warn.png,200,OK,Thread Group 1-4,bin,true,,1527,5,5,http://10.10.3.16:8080/escm/images/warn.png,,26,EASDB01
12/05/2017 14:54,95,114 /escm/images/icon20.gif,200,OK,Thread Group 1-2,bin,true,,1739,5,5,http://10.10.3.16:8080/escm/images/icon20.gif,,95,EASDB01
12/05/2017 14:54,11,93 /escm/images/summary_edit_pencil.png,200,OK,Thread Group 1-4,bin,true,,9373,5,5,http://10.10.3.16:8080/escm/images/summary_edit_pencil.png,,10,EASDB01
12/05/2017 14:54,12,115 /escm/images/help.png,200,OK,Thread Group 1-2,bin,true,,6946,5,5,http://10.10.3.16:8080/escm/images/help.png,,12,EASDB01
12/05/2017 14:54,10,113 /escm/images/trash.png,200,OK,Thread Group 1-2,bin,true,,9575,5,5,http://10.10.3.16:8080/escm/images/trash.png,,10,EASDB01
12/05/2017 14:54,61,117 /escm/messages,200,OK,Thread Group 1-2,text,true,,461,5,5,http://10.10.3.16:8080/escm/messages,,61,EASDB01
12/05/2017 14:54,58,116 /escm/css/theme/images/ui-icons_bbbbbb_256x240.png,200,OK,Thread Group 1-2,bin,true,,5653,5,5,http://10.10.3.16:8080/escm/css/theme/images/ui-icons_bbbbbb_256x240.png,,58,EASDB01
12/05/2017 14:54,144,95 /escm/images/order-icon-email.png,200,OK,Thread Group 1-4,bin,true,,4640,5,5,http://10.10.3.16:8080/escm/images/order-icon-email.png,,144,EASDB01
12/05/2017 14:54,14,118 /escm/recentItem,200,OK,Thread Group 1-2,text,true,,341,5,5,http://10.10.3.16:8080/escm/recentItem,,13,EASDB01
12/05/2017 14:54,12,96 /escm/images/slider-arrow-left.png,200,OK,Thread Group 1-4,bin,true,,1344,5,5,http://10.10.3.16:8080/escm/images/slider-arrow-left.png,,11,EASDB01
12/05/2017 14:54,22,97 /escm/images/slider-arrow-right.png,200,OK,Thread Group 1-4,bin,true,,1352,5,5,http://10.10.3.16:8080/escm/images/slider-arrow-right.png,,22,EASDB01
12/05/2017 14:54,30,120 /escm/images/order-icon-usage.png,200,OK,Thread Group 1-2,bin,true,,4514,5,5,http://10.10.3.16:8080/escm/images/order-icon-usage.png,,30,EASDB01
12/05/2017 14:54,13,98 /escm/messages,200,OK,Thread Group 1-4,text,true,,461,5,5,http://10.10.3.16:8080/escm/messages,,13,EASDB01
12/05/2017 14:54,1276,77 /escm/order/index,200,OK,Thread Group 1-5,text,true,,19216,5,5,http://10.10.3.16:8080/escm/order/list,,13,EASDB01
12/05/2017 14:54,95,99 /escm/recentItem,200,OK,Thread Group 1-4,text,true,,341,5,5,http://10.10.3.16:8080/escm/recentItem,,95,EASDB01
12/05/2017 14:54,108,119 /escm/images/order-icon-stop-billing.png,200,OK,Thread Group 1-2,bin,true,,4502,5,5,http://10.10.3.16:8080/escm/images/order-icon-stop-billing.png,,108,EASDB01
12/05/2017 14:54,2514,Order_Search,200,"Number of samples in transaction : 14, number of failing samples : 0",Thread Group 1-2,,true,,73510,5,5,null,,2501,EASDB01
12/05/2017 14:54,8,79 /escm/images/icon14.gif,200,OK,Thread Group 1-5,bin,true,,579,4,4,http://10.10.3.16:8080/escm/images/icon14.gif,,8,EASDB01
12/05/2017 14:54,11,103 /escm/images/order-icon-provisioned.png,200,OK,Thread Group 1-4,bin,true,,4908,4,4,http://10.10.3.16:8080/escm/images/order-icon-provisioned.png,,11,EASDB01
12/05/2017 14:54,7,100 /escm/images/order-icon-adjust.png,200,OK,Thread Group 1-4,bin,true,,4916,4,4,http://10.10.3.16:8080/escm/images/order-icon-adjust.png,,6,EASDB01
12/05/2017 14:54,12,81 /escm/images/recent.png,200,OK,Thread Group 1-5,bin,true,,2030,4,4,http://10.10.3.16:8080/escm/images/recent.png,,12,EASDB01
12/05/2017 14:54,5,101 /escm/images/order-icon-custom-fields.png,200,OK,Thread Group 1-4,bin,true,,3696,4,4,http://10.10.3.16:8080/escm/images/order-icon-custom-fields.png,,5,EASDB01
12/05/2017 14:54,5,83 /escm/images/hourglass.png,200,OK,Thread Group 1-5,bin,true,,2265,4,4,http://10.10.3.16:8080/escm/images/hourglass.png,,5,EASDB01
12/05/2017 14:54,3,106 /escm/images/order-icon-ticket.png,200,OK,Thread Group 1-4,bin,true,,4310,4,4,http://10.10.3.16:8080/escm/images/order-icon-ticket.png,,3,EASDB01
12/05/2017 14:54,4,80 /escm/images/loading.gif,200,OK,Thread Group 1-5,bin,true,,1019,4,4,http://10.10.3.16:8080/escm/images/loading.gif,,4,EASDB01
12/05/2017 14:54,6,102 /escm/images/order-icon-subscription.png,200,OK,Thread Group 1-4,bin,true,,5870,4,4,http://10.10.3.16:8080/escm/images/order-icon-subscription.png,,6,EASDB01
12/05/2017 14:54,8,87 /escm/images/ticket/order_ticket.png,200,OK,Thread Group 1-5,bin,true,,4108,4,4,http://10.10.3.16:8080/escm/images/ticket/order_ticket.png,,8,EASDB01
12/05/2017 14:54,8,105 /escm/images/order-icon-quote.png,200,OK,Thread Group 1-4,bin,true,,3773,4,4,http://10.10.3.16:8080/escm/images/order-icon-quote.png,,8,EASDB01
12/05/2017 14:54,6,84 /escm/images/express_order.png,200,OK,Thread Group 1-5,bin,true,,1371,4,4,http://10.10.3.16:8080/escm/images/express_order.png,,6,EASDB01
12/05/2017 14:54,5,104 /escm/images/order-icon-installment.png,200,OK,Thread Group 1-4,bin,true,,6303,4,4,http://10.10.3.16:8080/escm/images/order-icon-installment.png,,5,EASDB01
12/05/2017 14:54,2480,Order Selection,200,"Number of samples in transaction : 29, number of failing samples : 0",Thread Group 1-4,,true,,168534,4,4,null,,1256,EASDB01
12/05/2017 14:54,7,85 /escm/images/cancelicon.png,200,OK,Thread Group 1-5,bin,true,,1675,4,4,http://10.10.3.16:8080/escm/images/cancelicon.png,,7,EASDB01
12/05/2017 14:54,6,107 /escm/css/theme/images/ui-icons_222222_256x240.png,200,OK,Thread Group 1-4,bin,true,,4667,4,4,http://10.10.3.16:8080/escm/css/theme/images/ui-icons_222222_256x240.png,,6,EASDB01
12/05/2017 14:54,6,82 /escm/images/orderstatusicon/provisioningfailed.png,200,OK,Thread Group 1-5,bin,true,,1561,4,4,http://10.10.3.16:8080/escm/images/orderstatusicon/provisioningfailed.png,,6,EASDB01
12/05/2017 14:54,5,108 /escm/images/BB-ajax-loader-round.gif,200,OK,Thread Group 1-4,bin,true,,8536,4,4,http://10.10.3.16:8080/escm/images/BB-ajax-loader-round.gif,,5,EASDB01
12/05/2017 14:54,7,86 /escm/images/bb_ajax_loader.gif,200,OK,Thread Group 1-5,bin,true,,3190,4,4,http://10.10.3.16:8080/escm/images/bb_ajax_loader.gif,,7,EASDB01
12/05/2017 14:54,5,89 /escm/images/previous.png,200,OK,Thread Group 1-5,bin,true,,16816,4,4,http://10.10.3.16:8080/escm/images/previous.png,,5,EASDB01
12/05/2017 14:54,23,90 /escm/images/next.png,200,OK,Thread Group 1-5,bin,true,,16766,4,4,http://10.10.3.16:8080/escm/images/next.png,,23,EASDB01
12/05/2017 14:54,5,91 /escm/images/view_mail.png,200,OK,Thread Group 1-5,bin,true,,19693,4,4,http://10.10.3.16:8080/escm/images/view_mail.png,,5,EASDB01
12/05/2017 14:54,5,92 /escm/css/theme/images/ui-icons_blue_256x240.png,200,OK,Thread Group 1-5,bin,true,,4847,4,4,http://10.10.3.16:8080/escm/css/theme/images/ui-icons_blue_256x240.png,,5,EASDB01
12/05/2017 14:54,431,109 /escm/order/searchOrder,200,OK,Thread Group 1-4,text,true,,3729,4,4,http://10.10.3.16:8080/escm/order/searchOrder,,428,EASDB01
12/05/2017 14:54,15,111 /escm/messages,200,OK,Thread Group 1-4,text,true,,461,4,4,http://10.10.3.16:8080/escm/messages,,14,EASDB01
12/05/2017 14:54,18,112 /escm/recentItem,200,OK,Thread Group 1-4,text,true,,341,4,4,http://10.10.3.16:8080/escm/recentItem,,17,EASDB01
12/05/2017 14:54,2685,110 /escm/order/showOrderDetail,200,OK,Thread Group 1-1,text,true,,23422,4,4,http://10.10.3.16:8080/escm/order/showOrderDetail,,2680,EASDB01
12/05/2017 14:54,8,114 /escm/images/icon20.gif,200,OK,Thread Group 1-1,bin,true,,1739,4,4,http://10.10.3.16:8080/escm/images/icon20.gif,,8,EASDB01
12/05/2017 14:54,7,115 /escm/images/help.png,200,OK,Thread Group 1-1,bin,true,,6946,4,4,http://10.10.3.16:8080/escm/images/help.png,,7,EASDB01
12/05/2017 14:54,7,113 /escm/images/trash.png,200,OK,Thread Group 1-1,bin,true,,9575,4,4,http://10.10.3.16:8080/escm/images/trash.png,,7,EASDB01
12/05/2017 14:54,21,117 /escm/messages,200,OK,Thread Group 1-1,text,true,,461,4,4,http://10.10.3.16:8080/escm/messages,,20,EASDB01
12/05/2017 14:54,7,116 /escm/css/theme/images/ui-icons_bbbbbb_256x240.png,200,OK,Thread Group 1-1,bin,true,,5653,4,4,http://10.10.3.16:8080/escm/css/theme/images/ui-icons_bbbbbb_256x240.png,,7,EASDB01
12/05/2017 14:54,16,118 /escm/recentItem,200,OK,Thread Group 1-1,text,true,,341,4,4,http://10.10.3.16:8080/escm/recentItem,,15,EASDB01
12/05/2017 14:54,6,120 /escm/images/order-icon-usage.png,200,OK,Thread Group 1-1,bin,true,,4514,4,4,http://10.10.3.16:8080/escm/images/order-icon-usage.png,,6,EASDB01
12/05/2017 14:54,6,119 /escm/images/order-icon-stop-billing.png,200,OK,Thread Group 1-1,bin,true,,4502,4,4,http://10.10.3.16:8080/escm/images/order-icon-stop-billing.png,,6,EASDB01
12/05/2017 14:54,3246,Order_Search,200,"Number of samples in transaction : 14, number of failing samples : 0",Thread Group 1-1,,true,,74895,4,4,null,,3238,EASDB01
12/05/2017 14:54,648,88 /escm/order/showOrderDetail,200,OK,Thread Group 1-5,text,true,,20602,3,3,http://10.10.3.16:8080/escm/order/showOrderDetail,,638,EASDB01
12/05/2017 14:54,6,94 /escm/images/warn.png,200,OK,Thread Group 1-5,bin,true,,1527,3,3,http://10.10.3.16:8080/escm/images/warn.png,,6,EASDB01
12/05/2017 14:54,6,93 /escm/images/summary_edit_pencil.png,200,OK,Thread Group 1-5,bin,true,,9373,3,3,http://10.10.3.16:8080/escm/images/summary_edit_pencil.png,,5,EASDB01
12/05/2017 14:54,5,95 /escm/images/order-icon-email.png,200,OK,Thread Group 1-5,bin,true,,4640,3,3,http://10.10.3.16:8080/escm/images/order-icon-email.png,,5,EASDB01
12/05/2017 14:54,5,96 /escm/images/slider-arrow-left.png,200,OK,Thread Group 1-5,bin,true,,1344,3,3,http://10.10.3.16:8080/escm/images/slider-arrow-left.png,,5,EASDB01
12/05/2017 14:54,5,97 /escm/images/slider-arrow-right.png,200,OK,Thread Group 1-5,bin,true,,1352,3,3,http://10.10.3.16:8080/escm/images/slider-arrow-right.png,,5,EASDB01
12/05/2017 14:54,15,98 /escm/messages,200,OK,Thread Group 1-5,text,true,,461,3,3,http://10.10.3.16:8080/escm/messages,,15,EASDB01
12/05/2017 14:54,14,99 /escm/recentItem,200,OK,Thread Group 1-5,text,true,,341,3,3,http://10.10.3.16:8080/escm/recentItem,,13,EASDB01
12/05/2017 14:54,9,103 /escm/images/order-icon-provisioned.png,200,OK,Thread Group 1-5,bin,true,,4908,3,3,http://10.10.3.16:8080/escm/images/order-icon-provisioned.png,,8,EASDB01
12/05/2017 14:54,6,100 /escm/images/order-icon-adjust.png,200,OK,Thread Group 1-5,bin,true,,4916,3,3,http://10.10.3.16:8080/escm/images/order-icon-adjust.png,,6,EASDB01
12/05/2017 14:54,5,101 /escm/images/order-icon-custom-fields.png,200,OK,Thread Group 1-5,bin,true,,3696,3,3,http://10.10.3.16:8080/escm/images/order-icon-custom-fields.png,,5,EASDB01
12/05/2017 14:54,23,106 /escm/images/order-icon-ticket.png,200,OK,Thread Group 1-5,bin,true,,4310,3,3,http://10.10.3.16:8080/escm/images/order-icon-ticket.png,,23,EASDB01
12/05/2017 14:54,6,102 /escm/images/order-icon-subscription.png,200,OK,Thread Group 1-5,bin,true,,5870,3,3,http://10.10.3.16:8080/escm/images/order-icon-subscription.png,,6,EASDB01
12/05/2017 14:54,6,105 /escm/images/order-icon-quote.png,200,OK,Thread Group 1-5,bin,true,,3773,3,3,http://10.10.3.16:8080/escm/images/order-icon-quote.png,,5,EASDB01
12/05/2017 14:54,7,104 /escm/images/order-icon-installment.png,200,OK,Thread Group 1-5,bin,true,,6303,3,3,http://10.10.3.16:8080/escm/images/order-icon-installment.png,,7,EASDB01
12/05/2017 14:54,2143,Order Selection,200,"Number of samples in transaction : 29, number of failing samples : 0",Thread Group 1-5,,true,,168552,3,3,null,,866,EASDB01
12/05/2017 14:54,33,107 /escm/css/theme/images/ui-icons_222222_256x240.png,200,OK,Thread Group 1-5,bin,true,,4667,3,3,http://10.10.3.16:8080/escm/css/theme/images/ui-icons_222222_256x240.png,,33,EASDB01
12/05/2017 14:54,1986,110 /escm/order/showOrderDetail,200,OK,Thread Group 1-3,text,true,,22044,3,3,http://10.10.3.16:8080/escm/order/showOrderDetail,,1973,EASDB01
12/05/2017 14:54,12,108 /escm/images/BB-ajax-loader-round.gif,200,OK,Thread Group 1-5,bin,true,,8536,3,3,http://10.10.3.16:8080/escm/images/BB-ajax-loader-round.gif,,12,EASDB01
12/05/2017 14:54,8,114 /escm/images/icon20.gif,200,OK,Thread Group 1-3,bin,true,,1739,3,3,http://10.10.3.16:8080/escm/images/icon20.gif,,8,EASDB01
12/05/2017 14:54,11,115 /escm/images/help.png,200,OK,Thread Group 1-3,bin,true,,6946,3,3,http://10.10.3.16:8080/escm/images/help.png,,11,EASDB01
12/05/2017 14:54,5,113 /escm/images/trash.png,200,OK,Thread Group 1-3,bin,true,,9575,3,3,http://10.10.3.16:8080/escm/images/trash.png,,5,EASDB01
12/05/2017 14:54,14,117 /escm/messages,200,OK,Thread Group 1-3,text,true,,461,3,3,http://10.10.3.16:8080/escm/messages,,13,EASDB01
12/05/2017 14:54,5,116 /escm/css/theme/images/ui-icons_bbbbbb_256x240.png,200,OK,Thread Group 1-3,bin,true,,5653,3,3,http://10.10.3.16:8080/escm/css/theme/images/ui-icons_bbbbbb_256x240.png,,5,EASDB01
12/05/2017 14:54,11,118 /escm/recentItem,200,OK,Thread Group 1-3,text,true,,341,3,3,http://10.10.3.16:8080/escm/recentItem,,10,EASDB01
12/05/2017 14:54,5,120 /escm/images/order-icon-usage.png,200,OK,Thread Group 1-3,bin,true,,4514,3,3,http://10.10.3.16:8080/escm/images/order-icon-usage.png,,5,EASDB01
12/05/2017 14:54,5,119 /escm/images/order-icon-stop-billing.png,200,OK,Thread Group 1-3,bin,true,,4502,3,3,http://10.10.3.16:8080/escm/images/order-icon-stop-billing.png,,5,EASDB01
12/05/2017 14:54,2479,Order_Search,200,"Number of samples in transaction : 14, number of failing samples : 0",Thread Group 1-3,,true,,73509,3,3,null,,2461,EASDB01
12/05/2017 14:54,378,109 /escm/order/searchOrder,200,OK,Thread Group 1-5,text,true,,3728,2,2,http://10.10.3.16:8080/escm/order/searchOrder,,375,EASDB01
12/05/2017 14:54,13,111 /escm/messages,200,OK,Thread Group 1-5,text,true,,461,2,2,http://10.10.3.16:8080/escm/messages,,12,EASDB01
12/05/2017 14:54,10,112 /escm/recentItem,200,OK,Thread Group 1-5,text,true,,341,2,2,http://10.10.3.16:8080/escm/recentItem,,10,EASDB01
12/05/2017 14:54,1124,110 /escm/order/showOrderDetail,200,OK,Thread Group 1-4,text,true,,21959,2,2,http://10.10.3.16:8080/escm/order/showOrderDetail,,1117,EASDB01
12/05/2017 14:54,7,114 /escm/images/icon20.gif,200,OK,Thread Group 1-4,bin,true,,1739,2,2,http://10.10.3.16:8080/escm/images/icon20.gif,,7,EASDB01
12/05/2017 14:54,6,115 /escm/images/help.png,200,OK,Thread Group 1-4,bin,true,,6946,2,2,http://10.10.3.16:8080/escm/images/help.png,,6,EASDB01
12/05/2017 14:54,5,113 /escm/images/trash.png,200,OK,Thread Group 1-4,bin,true,,9575,2,2,http://10.10.3.16:8080/escm/images/trash.png,,5,EASDB01
12/05/2017 14:54,14,117 /escm/messages,200,OK,Thread Group 1-4,text,true,,461,2,2,http://10.10.3.16:8080/escm/messages,,13,EASDB01
12/05/2017 14:54,5,116 /escm/css/theme/images/ui-icons_bbbbbb_256x240.png,200,OK,Thread Group 1-4,bin,true,,5653,2,2,http://10.10.3.16:8080/escm/css/theme/images/ui-icons_bbbbbb_256x240.png,,5,EASDB01
12/05/2017 14:54,11,118 /escm/recentItem,200,OK,Thread Group 1-4,text,true,,341,2,2,http://10.10.3.16:8080/escm/recentItem,,11,EASDB01
12/05/2017 14:54,5,120 /escm/images/order-icon-usage.png,200,OK,Thread Group 1-4,bin,true,,4514,2,2,http://10.10.3.16:8080/escm/images/order-icon-usage.png,,5,EASDB01
12/05/2017 14:54,5,119 /escm/images/order-icon-stop-billing.png,200,OK,Thread Group 1-4,bin,true,,4502,2,2,http://10.10.3.16:8080/escm/images/order-icon-stop-billing.png,,5,EASDB01
12/05/2017 14:54,1657,Order_Search,200,"Number of samples in transaction : 14, number of failing samples : 0",Thread Group 1-4,,true,,73424,2,2,null,,1644,EASDB01
12/05/2017 14:54,974,110 /escm/order/showOrderDetail,200,OK,Thread Group 1-5,text,true,,22042,1,1,http://10.10.3.16:8080/escm/order/showOrderDetail,,965,EASDB01
12/05/2017 14:54,6,114 /escm/images/icon20.gif,200,OK,Thread Group 1-5,bin,true,,1739,1,1,http://10.10.3.16:8080/escm/images/icon20.gif,,6,EASDB01
12/05/2017 14:54,4,115 /escm/images/help.png,200,OK,Thread Group 1-5,bin,true,,6946,1,1,http://10.10.3.16:8080/escm/images/help.png,,4,EASDB01
12/05/2017 14:54,5,113 /escm/images/trash.png,200,OK,Thread Group 1-5,bin,true,,9575,1,1,http://10.10.3.16:8080/escm/images/trash.png,,4,EASDB01
12/05/2017 14:54,15,117 /escm/messages,200,OK,Thread Group 1-5,text,true,,461,1,1,http://10.10.3.16:8080/escm/messages,,14,EASDB01
12/05/2017 14:54,4,116 /escm/css/theme/images/ui-icons_bbbbbb_256x240.png,200,OK,Thread Group 1-5,bin,true,,5653,1,1,http://10.10.3.16:8080/escm/css/theme/images/ui-icons_bbbbbb_256x240.png,,4,EASDB01
12/05/2017 14:54,13,118 /escm/recentItem,200,OK,Thread Group 1-5,text,true,,341,1,1,http://10.10.3.16:8080/escm/recentItem,,12,EASDB01
12/05/2017 14:54,5,120 /escm/images/order-icon-usage.png,200,OK,Thread Group 1-5,bin,true,,4514,1,1,http://10.10.3.16:8080/escm/images/order-icon-usage.png,,5,EASDB01
12/05/2017 14:54,4,119 /escm/images/order-icon-stop-billing.png,200,OK,Thread Group 1-5,bin,true,,4502,1,1,http://10.10.3.16:8080/escm/images/order-icon-stop-billing.png,,4,EASDB01
12/05/2017 14:54,1476,Order_Search,200,"Number of samples in transaction : 14, number of failing samples : 0",Thread Group 1-5,,true,,73506,1,1,null,,1460,EASDB01
